A-JournalCode;B-JournalLib;C-EcritureNum;D-EcritureDate;E-CompteNum;F-CompteLib;G-CompAuxNum;H-CompAuxLib;I-PieceRef;J-PieceDate;H-EcritureLib;K-Debit;L-Credit;M-EcritureLet;N-DateLet;O-ValidDate;P-Montantdevise;Q-Idevise;1-Montant;2-Valeur Absolue;3-Mois;4-Trimestre;5-Semestre;6-Année;7-Racine 1;8-Libellé Racine 1;9-Racine 2;10-Libellé Racine 2;11-Racine 3;12-Libellé Racine 3;13-Racine 4;14-Libellé Racine 4;15-Racine 5;16-Libellé Racine 5;17-Bilan;18-Resultat;19-Report à nouveau;20-Trésorerie;21-Banque;22-Caisse;23-Debit/Crédit;24-Encaissements / Décaissements;25-Dettes;26-;27-;28-Espèces;29-Investissements;30-;31-;32-;;;;;;
code journal;journal;numero d'ecriture;date;numéro de compte;libellé du compte; ; ;numéro de pièce;numéro de pièce; ; ; ; ; ; ; ; ;Combien; ;;trimestre;semestre;; ;Capitaux; ;CAPITAL ET RESERVES; ;Capital;;Frais de constitution; ;Frais de prospection;Actif;Résultat;; ; ; ; ;paiement;dois; ; ;Espèces;Investissements; ; ; ;;;;;;
 ; ; ;jour; ; ; ; ; ; ; ; ; ; ; ; ; ; ;Quel est le montant; ;;trimestriel;semestriel;; ;Immobilisations; Investissements; ;REPORT A NOUVEAU; ;; ;; ;;Passif;; ; ; ; ; ;paiements;dettes; ; ; ; ; ; ; ;;;;;
 ; ; ; ; ; ; ; ; ; ; ; ; ; ; ; ; ; ;montant; ;; ; ;; ;Stocks; ; ; ; ;;Frais d'augmentation de capital et d'opérations diverses (fusions  scissions  transformations); ;Ensembles immobiliers industriels (A;; ;; ; ; ; ; ;décaissements;dette; ; ; ; ; ; ; ;;;;;
 ; ; ; ; ; ; ; ; ; ; ; ; ; ; ; ; ; ; ; ;; ; ;; ;Tiers; ;SUBVENTIONS D'INVESTISSEMENTS; ;Stock de matières premières;;Mali de fusion sur actifs incorporels; ;Ensembles immobiliers administratifs et commerciaux (A;; ;; ; ; ; ; ;décaissement; ; ; ; ; ; ; ; ;;;;;
 ; ; ; ; ; ; ; ; ; ; ; ; ; ; ; ; ; ; ; ;; ; ;; ;Liquidités; Trésorerie; ;PROVISIONS REGLEMENTEES; ;; ;; ;; ;; ; ;; ; ;encaissements; ; ; ; ;; ; ; ;;;;;
 ; ; ; ; ; ; ; ; ; ; ; ; ; ; ; ; ; ; ; ;; ; ; ; ;Charges; ;PROVISIONS; ;Frais d'établissement;;Terrains aménagés; ;Ensembles immobiliers industriels (A;; ;; ; ;; ; ;encaissement; ; ; ; ;; ; ; ;;;;;
 ; ; ; ; ; ; ; ; ; ; ; ; ; ; ; ; ; ; ; ;; ; ; ; ;Produits; ;EMPRUNTS ET DETTES FINANCIERES; ;Frais de recherche et de développement;;Sous-sols et sur-sols; ;Ensembles immobiliers administratifs et commerciaux (A;;; ;; ;; ; ;encaissé; ; ; ; ;; ; ; ;;;;;
 ; ; ; ; ; ; ; ; ; ; ; ; ; ; ; ; ; ; ; ;; ; ; ; ;Spéciaux; ;DETTES RATTACHEES A DES PARTICIPATIONS; ;Concessions et droits similaires;; licences;; procédés;;; ;; ;; ; ; ; ; ; ; ;; ; ; ; ; ; ; ; 
 ; ; ; ; ; ; ; ; ; ; ; ; ; ; ; ; ; ; ; ;; ; ; ; ;Coûts; ;COMPTES DE LIAISON DES ETABLISSEMENTS ET SOCIETES EN PARTICIPATION; ;Droit au bail;;Terrains bâtis; ;Ensembles immobiliers industriels (A;;; ;; ;; ; ;payé; ; ; ; ;; ; ; ;;;;;
 ; ; ; ; ; ; ; ; ; ; ; ; ; ; ; ; ; ; ; ;; ; ; ; ; ; ;NA; ;Fonds commercial;;Compte d'ordre sur immobilisations; ;Ensembles immobiliers administratifs et commerciaux (A;;; ;; ;; ; ; ; ; ; ; ;; ; ; ;;;;;
 ; ; ; ; ; ; ; ; ; ; ; ; ; ; ; ; ; ; ; ;; ; ; ; ; ; ;IMMOBILISATIONS INCORPORELLES; ;Autres immobilisations incorporelles;;Bâtiments; ;Autres ensembles immobiliers;;; ;; ;; ; ; ; ; ; ; ;; ; ;;;;;;
 ; ; ; ; ; ; ; ; ; ; ; ; ; ; ; ; ; ; ; ;; ; ; ; ; ; ;IMMOBILISATIONS CORPORELLES; ;Terrains;;Installations générales - agencements - aménagements des constructions (même ventilation que celle du compte 2131); ;Voies de terre;;; ;; ;; ; ; ; ; ; ; ;; ; ;;;;;;
 ; ; ; ; ; ; ; ; ; ; ; ; ; ; ; ; ; ; ; ;; ; ; ; ; ; ;IMMOBILISATIONS MISES EN CONCESSION; ;Agencements et aménagements de terrains (même ventilation que celle du compte 211);;Ouvrages d'infrastructure; ;Voies de fer;; ; ;; ;; ; ; ; ; ; ; ; ; ; ;;;;;;
 ; ; ; ; ; ; ; ; ; ; ; ; ; ; ; ; ; ; ; ;; ; ; ; ; ; ;IMMOBILISATIONS EN COURS; ;Constructions;;Installations complexes spécialisées; ;Voies d'eau;; ; ; ; ;; ; ; ; ; ; ; ; ; ; ;;;;;;
 ; ; ; ; ; ; ; ; ; ; ; ; ; ; ; ; ; ; ; ;; ; ; ; ; ; ;PARTS DANS DES ENTREPRISES LIÉES ET CRÉANCES SUR DES ENTREPRISES LIÉES; ;Constructions sur sol d'autrui (même ventilation que celle du compte 213);;Installations à caractère spécifique; ;Barrages;; ; ; ; ; ; ; ; ; ; ; ; ; ; ; ;;;;;;
 ; ; ; ; ; ; ; ; ; ; ; ; ; ; ; ; ; ; ; ;; ; ; ; ; ; ;PARTICIPATIONS ET CRÉANCES RATTACHÉES À DES PARTICIPATIONS; ;Installations techniques;; ;; ;; ; ; ; ; ; ; ; ; ; ; ; ; ; ; ; ;;;;;
 ; ; ; ; ; ; ; ; ; ; ; ; ; ; ; ; ; ; ; ;; ; ; ; ; ; ;AUTRES IMMOBILISATIONS FINANCIÈRES; ;Autres immobilisations corporelles; ;Outillage industriel; ;sur sol propre;; ; ; ; ; ; ; ; ; ; ; ; ; ; ; ;;;;;;
 ; ; ; ; ; ; ; ; ; ; ; ; ; ; ; ; ; ; ; ; ; ; ; ; ; ; ;AMORTISSEMENTS DES IMMOBILISATIONS; ;Immobilisations corporelles en cours; ;Agencements et aménagements du matériel et outillage industriels; ;sur sol d'autrui;; ; ; ; ; ; ; ; ; ; ; ; ; ; ; ;;;;;;
 ; ; ; ; ; ; ; ; ; ; ; ; ; ; ; ; ; ; ; ; ; ; ; ; ; ; ;DÉPRÉCIATIONS DES IMMOBILISATIONS; ;Immobilisations incorporelles en cours; ;Installations générales  agencements  aménagements divers; ;sur sol propre;; ; ; ; ; ; ; ; ; ; ; ; ; ; ; ;;;;;;
 ; ; ; ; ; ; ; ; ; ; ; ; ; ; ; ; ; ; ; ; ; ; ; ; ; ; ;MATIÈRES PREMIÈRES (ET FOURNITURES); ;Avances et acomptes versés sur immobilisations incorporelles; ;Matériel de transport; ;sur sol d'autrui; ; ; ; ; ; ; ; ; ; ; ; ; ; ; ; ;;;;;;
 ; ; ; ; ; ; ; ; ; ; ; ; ; ; ; ; ; ; ; ; ; ; ; ; ; ; ;AUTRES APPROVISIONNEMENTS; ;Avances et acomptes versés sur commandes d'immobilisations corporelles; ;Matériel de bureau et matériel informatique; ;Sur titres immobilisés (droit de créance); ; ; ; ; ; ; ; ; ; ; ; ; ; ; ; ;;;;;;
 ; ; ; ; ; ; ; ; ; ; ; ; ; ; ; ; ; ; ; ; ; ; ; ; ; ; ;EN-COURS DE PRODUCTION DE BIENS; ;Titres de participation; ;Mobilier; ;Sur prêts; ; ; ; ; ; ; ; ; ; ; ; ; ; ; ; ;;;;;;
 ; ; ; ; ; ; ; ; ; ; ; ; ; ; ; ; ; ; ; ; ; ; ; ; ; ; ;EN-COURS DE PRODUCTION DE SERVICES; ;Autres formes de participation; ;Cheptel; ;Sur dépôts et cautionnements; ; ; ; ; ; ; ; ; ; ; ; ; ; ; ; ;;;;;;
 ; ; ; ; ; ; ; ; ; ; ; ; ; ; ; ; ; ; ; ; ; ; ; ; ; ; ;STOCKS DE PRODUITS; ;Créances rattachées à des participations; ;Emballages récupérables; ;Sur créances diverses; ; ; ; ; ; ; ; ; ; ; ; ; ; ; ; ;;;;;;
 ; ; ; ; ; ; ; ; ; ; ; ; ; ; ; ; ; ; ; ; ; ; ; ; ; ; ;STOCK PROVENANT D'IMMOBILISATIONS; ;Créances rattachées à des sociétés en participation; ;Mali de fusions sur actifs corporels (1); ;Amortissements du mali de fusion sur actifs incorporels (1); ; ; ; ; ; ; ; ; ; ; ; ; ; ; ; ;;;;;;
 ; ; ; ; ; ; ; ; ; ; ; ; ; ; ; ; ; ; ; ; ; ; ; ; ; ; ;STOCKS DE MARCHANDISES; ;Versements restant à effectuer sur titres de participation non libérés; ;Terrains; ;Amortissements du mali de fusion sur actifs corporels (1); ; ; ; ; ; ; ; ; ; ; ; ; ; ; ; ;;;;;;
 ; ; ; ; ; ; ; ; ; ; ; ; ; ; ; ; ; ; ; ; ; ; ; ; ; ; ;STOCK EN VOIE D'ACHEMINEMENT; ;Titres immobilisés autres que les titres immobilisés de l'activité de portefeuille (droit de propriété); ;Constructions; ;Dépréciation du mali de fusion sur actifs incorporels (1); ; ; ; ; ; ; ; ; ; ; ; ; ; ; ; ;;;;;;
 ; ; ; ; ; ; ; ; ; ; ; ; ; ; ; ; ; ; ; ; ; ; ; ; ; ; ;DÉPRÉCIATIONS DES STOCKS ET EN-COURS; ;Titres immobilisés (droit de créance); ;Installations techniques  matériel et outillage industriels; ;Dépréciation du mali de fusion sur actifs incorporels (1); ; ; ; ; ; ; ; ; ; ; ; ; ; ; ; ;;;;;;
 ; ; ; ; ; ; ; ; ; ; ; ; ; ; ; ; ; ; ; ; ; ; ; ; ; ; ;FOURNISSEURS ET COMPTES RATTACHÉS; ;Titres immobilisés de l'activité de portefeuille; ;Autres immobilisations corporelles; ;Dépréciation du mali de fusion sur actifs financiers (1); ; ; ; ; ; ; ; ; ; ; ; ; ; ; ; ;;;;;;
 ; ; ; ; ; ; ; ; ; ; ; ; ; ; ; ; ; ; ; ; ; ; ; ; ; ; ;CLIENTS ET COMPTES RATTACHÉS; ;Prêts; ;Terrains; ;Fournisseurs d'exploitation; ; ; ; ; ; ; ; ; ; ; ; ; ; ; ; ;;;;;;
 ; ; ; ; ; ; ; ; ; ; ; ; ; ; ; ; ; ; ; ; ; ; ; ; ; ; ;PERSONNEL ET COMPTES RATTACHÉS; ;Dépôts et cautionnements versés; ;Constructions; ;Fournisseurs d'immobilisations; ; ; ; ; ; ; ; ; ; ; ; ; ; ; ; ;;;;;;
 ; ; ; ; ; ; ; ; ; ; ; ; ; ; ; ; ; ; ; ; ; ; ; ; ; ; ;SÉCURITÉ SOCIALE ET AUTRES ORGANISMES SOCIAUX; ;Autres créances immobilisées; ;Installations techniques  matériel et outillage industriels; ;T.V.A. à décaisser; ; ; ; ; ; ; ; ; ; ; ; ; ; ; ; ;;;;;;
 ; ; ; ; ; ; ; ; ; ; ; ; ; ; ; ; ; ; ; ; ; ; ; ; ; ; ;ETAT ET AUTRES COLLECTIVITÉS PUBLIQUES; ;Actions propres ou parts propres; ;Autres immobilisations corporelles; ;Taxes assimilées à la T.V.A.; ; ; ; ; ; ; ; ; ; ; ; ; ; ; ; ;;;;;;
 ; ; ; ; ; ; ; ; ; ; ; ; ; ; ; ; ; ; ; ; ; ; ; ; ; ; ;GROUPE ET ASSOCIÉS; ;Mali de fusion sur actifs financiers (1); ;Actions; ;T.V.A. sur immobilisations; ; ; ; ; ; ; ; ; ; ; ; ; ; ; ; ;;;;;;
 ; ; ; ; ; ; ; ; ; ; ; ; ; ; ; ; ; ; ; ; ; ; ; ; ; ; ;DÉBITEURS DIVERS ET CRÉDITEURS DIVERS; ;Versements restant à effectuer sur titres immobilisés non libérés; ;Autres titres; ;T.V.A. transférée par d'autres entreprises; ; ; ; ; ; ; ; ; ; ; ; ; ; ; ; ;;;;;;
 ; ; ; ; ; ; ; ; ; ; ; ; ; ; ; ; ; ; ; ; ; ; ; ; ; ; ;COMPTES TRANSITOIRES OU D'ATTENTE; ;Amortissements des immobilisations incorporelles; ;Droits représentatifs d'actifs nets remis en fiducie; ;T.V.A. sur autres biens et services; ; ; ; ; ; ; ; ; ; ; ; ; ; ; ; ;;;;;;
 ; ; ; ; ; ; ; ; ; ; ; ; ; ; ; ; ; ; ; ; ; ; ; ; ; ; ;COMPTES DE RÉGULARISATION; ;Amortissements des immobilisations corporelles; ;Créances rattachées à des participations (groupe); ;Crédit de T.V.A. à reporter; ; ; ; ; ; ; ; ; ; ; ; ; ; ; ; ;;;;;;
 ; ; ; ; ; ; ; ; ; ; ; ; ; ; ; ; ; ; ; ; ; ; ; ; ; ; ;DÉPRÉCIATIONS DES COMPTES DE TIERS; ;Amortissements des immobilisations mises en concession; ;Créances rattachées à des participations (hors groupe); ;Taxes assimilées à la T.V.A.; ; ; ; ; ; ; ; ; ; ; ; ; ; ; ; ;;;;;;
 ; ; ; ; ; ; ; ; ; ; ; ; ; ; ; ; ; ; ; ; ; ; ; ; ; ; ;VALEURS MOBILIÈRES DE PLACEMENT; ;Dépréciations des immobilisations incorporelles; ;Versements représentatifs d'apports non capitalisés (appel de fonds); ;T.V.A. Collectée; ; ; ; ; ; ; ; ; ; ; ; ; ; ; ; ;;;;;;
 ; ; ; ; ; ; ; ; ; ; ; ; ; ; ; ; ; ; ; ; ; ; ; ; ; ; ;BANQUES ET ETABLISSEMENTS DE CREDIT; ;dépréciations des immobilisations corporelles (même ventilation que celle du compte 21); ;Avances consolidables; ;Taxes assimilées à la T.V.A.; ; ; ; ; ; ; ; ; ; ; ; ; ; ; ; ;;;;;;
 ; ; ; ; ; ; ; ; ; ; ; ; ; ; ; ; ; ; ; ; ; ; ; ; ; ; ;INSTRUMENTS FINANCIERS À TERME ET JETONS DÉTENUS; ;dépréciations des immobilisations mises en concession; ;Autres créances rattachées à des participations; ;Acomptes - Régime simplifié d'imposition; ; ; ; ; ; ; ; ; ; ; ; ; ; ; ; ;;;;;;
 ; ; ; ; ; ; ; ; ; ; ; ; ; ; ; ; ; ; ; ; ; ; ; ; ; ; ;CAISSE; ;dépréciations des immobilisations en cours; ;Intérêts courus; ;Acomptes - Régime du forfait; ; ; ; ; ; ; ; ; ; ; ; ; ; ; ; ;;;;;;
 ; ; ; ; ; ; ; ; ; ; ; ; ; ; ; ; ; ; ; ; ; ; ; ; ; ; ;RÉGIES D'AVANCE ET ACCRÉDITIFS; ;Dépréciations des participations et créances rattachées à des participations –; ;Principal; ;Remboursement de taxes sur le chiffre d'affaires demandé; ; ; ; ; ; ; ; ; ; ; ; ; ; ; ; ;;;;;;
 ; ; ; ; ; ; ; ; ; ; ; ; ; ; ; ; ; ; ; ; ; ; ; ; ; ; ;VIREMENTS INTERNES; ;Dépréciations des autres immobilisations financières; ;Intérêts courus; ;T.V.A. récupérée d'avance; ; ; ; ; ; ; ; ; ; ; ; ; ; ; ; ;;;;;;
 ; ; ; ; ; ; ; ; ; ; ; ; ; ; ; ; ; ; ; ; ; ; ; ; ; ; ;DÉPRÉCIATIONS DES COMPTES FINANCIERS; ;Matières (ou groupe) A; ;Actions; ;Taxes sur le chiffre d'affaires sur factures non parvenues; ; ; ; ; ; ; ; ; ; ; ; ; ; ; ; ;;;;;;
 ; ; ; ; ; ; ; ; ; ; ; ; ; ; ; ; ; ; ; ; ; ; ; ; ; ; ;ACHATS (sauf 603); ;Matières (ou groupe) B; ;Autres titres; ;Taxes sur le chiffre d'affaires sur factures à établir; ; ; ; ; ; ; ; ; ; ; ; ; ; ; ; ;;;;;;
 ; ; ; ; ; ; ; ; ; ; ; ; ; ; ; ; ; ; ; ; ; ; ; ; ; ; ;Services extérieurs; ;Fournitures A; B; C; ...; ;Obligations; ;Apports en nature; ; ; ; ; ; ; ; ; ; ; ; ; ; ; ; ;;;
 ; ; ; ; ; ; ; ; ; ; ; ; ; ; ; ; ; ; ; ; ; ; ; ; ; ; ;Autres services extérieurs; ;Matières consommables; ;Bons; ;Apports en numéraire; ; ; ; ; ; ; ; ; ; ; ; ; ; ; ; ;;;;;;
 ; ; ; ; ; ; ; ; ; ; ; ; ; ; ; ; ; ; ; ; ; ; ; ; ; ; ;IMPÔTS; TAXES ET VERSEMENTS ASSIMILÉS; ;Fournitures consommables; ;Prêts participatifs; ;Actionnaires - Capital souscrit et appelé; non versé; ; ; ; ; ; ; ; ; ; ; ; ; ; ; ; ;;;;
 ; ; ; ; ; ; ; ; ; ; ; ; ; ; ; ; ; ; ; ; ; ; ; ; ; ; ;CHARGES DE PERSONNEL; ;Emballages; ;Prêts aux associés; ;Associés - Capital appelé; non versé; ; ; ; ; ; ; ; ; ; ; ; ; ; ; ; ;;;;;
 ; ; ; ; ; ; ; ; ; ; ; ; ; ; ; ; ; ; ; ; ; ; ; ; ; ; ;AUTRES CHARGES DE GESTION COURANTE; ;Produits en cours; ;Prêts au personnel; ;Différences d'évaluation sur instruments financier à terme - ACTIF; ; ; ; ; ; ; ; ; ; ; ; ; ; ; ; ;;;;;;
 ; ; ; ; ; ; ; ; ; ; ; ; ; ; ; ; ; ; ; ; ; ; ; ; ; ; ;CHARGES FINANCIÈRES; ;Travaux en cours; ;Autres prêts; ;Différences d'évaluation sur jetons détenus - ACTIF; ; ; ; ; ; ; ; ; ; ; ; ; ; ; ; ;;;;;;
 ; ; ; ; ; ; ; ; ; ; ; ; ; ; ; ; ; ; ; ; ; ; ; ; ; ; ;CHARGES EXCEPTIONNELLES; ;Études en cours; ;Dépôts; ;Différences d'évaluation sur instruments financier à terme - PASSIF; ; ; ; ; ; ; ; ; ; ; ; ; ; ; ; ;;;;;;
 ; ; ; ; ; ; ; ; ; ; ; ; ; ; ; ; ; ; ; ; ; ; ; ; ; ; ;DOTATIONS AUX AMORTISSEMENTS; DÉPRÉCIATIONS ET PROVISIONS; ;Prestations de services en cours; ;Cautionnements; ;Différences d'évaluation sur jetons détenus - PASSIF; ; ; ; ; ; ; ; ; ; ; ; ; ; ; ; ;;;;;
 ; ; ; ; ; ; ; ; ; ; ; ; ; ; ; ; ; ; ; ; ; ; ; ; ; ; ;PARTICIPATION DES SALARIÉS - IMPÔTS SUR LES BÉNÉFICES ET ASSIMILÉS; ;Produits intermédiaires; ;Créances diverses; ;Matières (ou groupe) C; ; ; ; ; ; ; ; ; ; ; ; ; ; ; ; ;;;;;;
 ; ; ; ; ; ; ; ; ; ; ; ; ; ; ; ; ; ; ; ; ; ; ; ; ; ; ;VENTES DE PRODUITS FABRIQUÉS; PRESTATIONS DE SERVICES; MARCHANDISES; ;Produits finis; ;Intérêts courus; ;Matières (ou groupe) D; ; ; ; ; ; ; ; ; ; ; ; ; ; ; ; ;;;;
 ; ; ; ; ; ; ; ; ; ; ; ; ; ; ; ; ; ; ; ; ; ; ; ; ; ; ;PRODUCTION STOCKÉE (OU DÉSTOCKAGE); ;Produits résiduels (ou matières de récupération); ;Actions propres ou parts propres; ;Combustibles; ; ; ; ; ; ; ; ; ; ; ; ; ; ; ; ;;;;;;
 ; ; ; ; ; ; ; ; ; ; ; ; ; ; ; ; ; ; ; ; ; ; ; ; ; ; ;PRODUCTION IMMOBILISÉE; ;Marchandises (ou groupe) A; ;Actions propres ou parts propres en voie d'annulation; ;Produits d'entretien; ; ; ; ; ; ; ; ; ; ; ; ; ; ; ; ;;;;;;
 ; ; ; ; ; ; ; ; ; ; ; ; ; ; ; ; ; ; ; ; ; ; ; ; ; ; ;SUBVENTIONS D'EXPLOITATION; ;Marchandises (ou groupe) B; ;Frais d'établissement (même ventilation que celle du compte 201); ;Fournitures d'atelier et d'usine; ; ; ; ; ; ; ; ; ; ; ; ; ; ; ; ;;;;;;
 ; ; ; ; ; ; ; ; ; ; ; ; ; ; ; ; ; ; ; ; ; ; ; ; ; ; ;AUTRES PRODUITS DE GESTION COURANTE; ;Dépréciations des matières premières (et fournitures); ;Frais de recherche et de développement; ;Fournitures de magasin; ; ; ; ; ; ; ; ; ; ; ; ; ; ; ; ;;;;;;
 ; ; ; ; ; ; ; ; ; ; ; ; ; ; ; ; ; ; ; ; ; ; ; ; ; ; ;PRODUITS FINANCIERS; ;Dépréciations des autres approvisionnements; ;Concessions et droits similaires  brevets  licences  logiciels  droits et valeurs similaires; ;Fournitures de bureau; ; ; ; ; ; ; ; ; ; ; ; ; ; ; ; ;;;;;;
 ; ; ; ; ; ; ; ; ; ; ; ; ; ; ; ; ; ; ; ; ; ; ; ; ; ; ;PRODUITS EXCEPTIONNELS; ;Dépréciations des en-cours de production de biens; ;Fonds commercial; ;Emballages perdus; ; ; ; ; ; ; ; ; ; ; ; ; ; ; ; ;;;;;;
 ; ; ; ; ; ; ; ; ; ; ; ; ; ; ; ; ; ; ; ; ; ; ; ; ; ; ;REPRISES SUR AMORTISSEMENTS; DÉPRÉCIATIONS ET PROVISIONS; ;Dépréciations des en-cours de production de services; ;Autres immobilisations incorporelles; ;Emballages récupérables non identifiables; ; ; ; ; ; ; ; ; ; ; ; ; ; ; ; ;;;;;
 ; ; ; ; ; ; ; ; ; ; ; ; ; ; ; ; ; ; ; ; ; ; ; ; ; ; ;TRANSFERTS DE CHARGES; ;Dépréciations des stocks de produits; ;Agencements  aménagements de terrains (même ventilation que celle du compte 212); ;Emballages à usage mixte; ; ; ; ; ; ; ; ; ; ; ; ; ; ; ; ;;;;;;
 ; ; ; ; ; ; ; ; ; ; ; ; ; ; ; ; ; ; ; ; ; ; ; ; ; ; ;MASSE SALARIALE; ;Dépréciations des stocks de marchandises; ;Constructions (même ventilation que celle du compte 213); ;AUTRES CHARGES EXTERNES; ; ; ; ; ; ; ; ; ; ; ; ; ; ; ; ;;;;;;
 ; ; ; ; ; ; ; ; ; ; ; ; ; ; ; ; ; ; ; ; ; ; ; ; ; ; ;VENTES; ;Fournisseurs et Comptes rattachés; ;Constructions sur sol d'autrui (même ventilation que celle du compte 214); ;Primes d'assurances; ; ; ; ; ; ; ; ; ; ; ; ; ; ; ; ;;;;;;
 ; ; ; ; ; ; ; ; ; ; ; ; ; ; ; ; ; ; ; ; ; ; ; ; ; ; ; ; ;Fournisseurs; ;Installations techniques  matériel et outillage industriels (même ventilation que celle du compte 215); ;Primes d'assurances; ; ; ; ; ; ; ; ; ; ; ; ; ; ; ; ;;;;;;
 ; ; ; ; ; ; ; ; ; ; ; ; ; ; ; ; ; ; ; ; ; ; ; ; ; ; ; ; ;Fournisseurs - Effets à payer; ;Autres immobilisations corporelles (même ventilation que celle du compte 218); ;Primes d'assurances; ; ; ; ; ; ; ; ; ; ; ; ; ; ; ; ;;;;;;
 ; ; ; ; ; ; ; ; ; ; ; ; ; ; ; ; ; ; ; ; ; ; ; ; ; ; ; ; ;Fournisseurs d'immobilisations; ;Marques  procédés  droits et valeurs similaires; ;Autres impôts & taxes; ; ; ; ; ; ; ; ; ; ; ; ; ; ; ; ;;;;;;
 ; ; ; ; ; ; ; ; ; ; ; ; ; ; ; ; ; ; ; ; ; ; ; ; ; ; ; ; ;Fournisseurs d'immobilisations - Effets à payer; ;Droit au bail; ;Autres impôts & taxes; ; ; ; ; ; ; ; ; ; ; ; ; ; ; ; ;;;;;;
 ; ; ; ; ; ; ; ; ; ; ; ; ; ; ; ; ; ; ; ; ; ; ; ; ; ; ; ; ;Fournisseurs - Factures non parvenues; ;Fonds commercial; ;Autres impôts & taxes; ; ; ; ; ; ; ; ; ; ; ; ; ; ; ; ;;;;;;
 ; ; ; ; ; ; ; ; ; ; ; ; ; ; ; ; ; ; ; ; ; ; ; ; ; ; ; ; ;Fournisseurs débiteurs; ;Autres immobilisations incorporelles; ;Autres impôts & taxes; ; ; ; ; ; ; ; ; ; ; ; ; ; ; ; ;;;;;;
 ; ; ; ; ; ; ; ; ; ; ; ; ; ; ; ; ; ; ; ; ; ; ; ; ; ; ; ; ;Clients et Comptes rattachés; ;Immobilisations corporelles en cours; ;Autres impôts & taxes; ; ; ; ; ; ; ; ; ; ; ; ; ; ; ; ;;;;;;
 ; ; ; ; ; ; ; ; ; ; ; ; ; ; ; ; ; ; ; ; ; ; ; ; ; ; ; ; ;Clients; ;Immobilisations incorporelles en cours; ;des emprunts et dettes assimilées; ; ; ; ; ; ; ; ; ; ; ; ; ; ; ; ;;;;;;
 ; ; ; ; ; ; ; ; ; ; ; ; ; ; ; ; ; ; ; ; ; ; ; ; ; ; ; ; ;Clients - Effets à recevoir; ;Titres de participation; ;des dettes rattachées à des participations; ; ; ; ; ; ; ; ; ; ; ; ; ; ; ; ;;;;;;
 ; ; ; ; ; ; ; ; ; ; ; ; ; ; ; ; ; ; ; ; ; ; ; ; ; ; ; ; ;Clients douteux ou litigieux; ;Autres formes de participation; ;des dettes commerciales; ; ; ; ; ; ; ; ; ; ; ; ; ; ; ; ;;;;;;
 ; ; ; ; ; ; ; ; ; ; ; ; ; ; ; ; ; ; ; ; ; ; ; ; ; ; ; ; ;Clients - Produits non encore facturés; ;Créances rattachées à des participations (même ventilation que celle du compte 267); ;des dettes diverses; ; ; ; ; ; ; ; ; ; ; ; ; ; ; ; ;;;;;;
 ; ; ; ; ; ; ; ; ; ; ; ; ; ; ; ; ; ; ; ; ; ; ; ; ; ; ; ; ;Clients créditeurs; ;Créances rattachées à des sociétés en participation (même ventilation que celle du compte 268); ;Immobilisations incorporelles; ; ; ; ; ; ; ; ; ; ; ; ; ; ; ; ;;;;;;
 ; ; ; ; ; ; ; ; ; ; ; ; ; ; ; ; ; ; ; ; ; ; ; ; ; ; ; ; ;Personnel - Rémunérations dues; ;Titres immobilisés autres que les titres immobilisés de l'activité de portefeuille  droit de propriété (même ventilation que celle du compte 271); ;Immobilisations corporelles; ; ; ; ; ; ; ; ; ; ; ; ; ; ; ; ;;;;;;
 ; ; ; ; ; ; ; ; ; ; ; ; ; ; ; ; ; ; ; ; ; ; ; ; ; ; ; ; ;Comités d'entreprises; d'établissement; ...; ;Titres immobilisés  droit de créance (même ventilation que celle du compte 272); ;Immobilisations incorporelles; ; ; ; ; ; ; ; ; ; ; ; ; ; ; ; ;;;;
 ; ; ; ; ; ; ; ; ; ; ; ; ; ; ; ; ; ; ; ; ; ; ; ; ; ; ; ; ;Participation des salariés aux résultats; ;Titres immobilisés de l'activité de portefeuille; ;Immobilisations corporelles; ; ; ; ; ; ; ; ; ; ; ; ; ; ; ; ;;;;;;
 ; ; ; ; ; ; ; ; ; ; ; ; ; ; ; ; ; ; ; ; ; ; ; ; ; ; ; ; ;Personnel - Avances et acomptes; ;Prêts (même ventilation que celle du compte 274); ;Stocks et en-cours; ; ; ; ; ; ; ; ; ; ; ; ; ; ; ; ;;;;;;
 ; ; ; ; ; ; ; ; ; ; ; ; ; ; ; ; ; ; ; ; ; ; ; ; ; ; ; ; ;Personnel – Dépôts; ;Dépôts et cautionnements versés (même ventilation que celle du compte 275); ;Créances; ; ; ; ; ; ; ; ; ; ; ; ; ; ; ; ;;;;;;
 ; ; ; ; ; ; ; ; ; ; ; ; ; ; ; ; ; ; ; ; ; ; ; ; ; ; ; ; ;Personnel - Oppositions; ;Autres créances immobilisées (même ventilation que celle du compte 276); ;Immobilisations financières; ; ; ; ; ; ; ; ; ; ; ; ; ; ; ; ;;;;;;
 ; ; ; ; ; ; ; ; ; ; ; ; ; ; ; ; ; ; ; ; ; ; ; ; ; ; ; ; ;Personnel - Charges à payer et produits à recevoir; ;Matières (ou groupe) C; ;Valeurs mobilières de placement; ; ; ; ; ; ; ; ; ; ; ; ; ; ; ; ;;;;;;
 ; ; ; ; ; ; ; ; ; ; ; ; ; ; ; ; ; ; ; ; ; ; ; ; ; ; ; ; ;Sécurité sociale; ;Matières (ou groupe) D; ;Amortissements dérogatoires; ; ; ; ; ; ; ; ; ; ; ; ; ; ; ; ;;;;;;
 ; ; ; ; ; ; ; ; ; ; ; ; ; ; ; ; ; ; ; ; ; ; ; ; ; ; ; ; ;Autres organismes sociaux; ;Combustibles; ;Produits en cours; ; ; ; ; ; ; ; ; ; ; ; ; ; ; ; ;;;;;;
 ; ; ; ; ; ; ; ; ; ; ; ; ; ; ; ; ; ; ; ; ; ; ; ; ; ; ; ; ;Organismes sociaux - Charges à payer et produits à recevoir; ;Produits d'entretien; ;Travaux en cours; ; ; ; ; ; ; ; ; ; ; ; ; ; ; ; ;;;;;;
 ; ; ; ; ; ; ; ; ; ; ; ; ; ; ; ; ; ; ; ; ; ; ; ; ; ; ; ; ;Etat - Subventions à recevoir; ;Fournitures d'atelier et d'usine; ;Études en cours; ; ; ; ; ; ; ; ; ; ; ; ; ; ; ; ;;;;;;
 ; ; ; ; ; ; ; ; ; ; ; ; ; ; ; ; ; ; ; ; ; ; ; ; ; ; ; ; ;Contributions; impôts et taxes recouvrés pour le compte de l'Etat (2); ;Fournitures de magasin; ;Prestations de services en cours; ; ; ; ; ; ; ; ; ; ; ; ; ; ; ; ;;;;;
 ; ; ; ; ; ; ; ; ; ; ; ; ; ; ; ; ; ; ; ; ; ; ; ; ; ; ; ; ;Opérations particulières avec l'État; les collectivités publiques; les organismes internationaux; ;Fournitures de bureau; ;Produits intermédiaires; ; ; ; ; ; ; ; ; ; ; ; ; ; ; ; ;;;;
 ; ; ; ; ; ; ; ; ; ; ; ; ; ; ; ; ; ; ; ; ; ; ; ; ; ; ; ; ;État - Impôts sur les bénéfices; ;Emballages perdus; ;Produits finis; ; ; ; ; ; ; ; ; ; ; ; ; ; ; ; ;;;;;;
 ; ; ; ; ; ; ; ; ; ; ; ; ; ; ; ; ; ; ; ; ; ; ; ; ; ; ; ; ;État - Taxes sur le chiffre d'affaires; ;Emballages récupérables non identifiables; ;Produits résiduels; ; ; ; ; ; ; ; ; ; ; ; ; ; ; ; ;;;;;;
 ; ; ; ; ; ; ; ; ; ; ; ; ; ; ; ; ; ; ; ; ; ; ; ; ; ; ; ; ;Obligations cautionnées; ;Emballages à usage mixte; ;Immobilisations incorporelles; ; ; ; ; ; ; ; ; ; ; ; ; ; ; ; ;;;;;;
 ; ; ; ; ; ; ; ; ; ; ; ; ; ; ; ; ; ; ; ; ; ; ; ; ; ; ; ; ;Autres impôts; taxes et versements assimilés; ;Produits en cours P 1; ;Immobilisations corporelles; ; ; ; ; ; ; ; ; ; ; ; ; ; ; ; ;;;;;
 ; ; ; ; ; ; ; ; ; ; ; ; ; ; ; ; ; ; ; ; ; ; ; ; ; ; ; ; ;État - Charges à payer et produits à recevoir; ;Produits en cours P 2; ;Immobilisations incorporelles; ; ; ; ; ; ; ; ; ; ; ; ; ; ; ; ;;;;;;
 ; ; ; ; ; ; ; ; ; ; ; ; ; ; ; ; ; ; ; ; ; ; ; ; ; ; ; ; ;Quotas d'émission à acquérir; ;Travaux en cours T 1; ;Immobilisations corporelles; ; ; ; ; ; ; ; ; ; ; ; ; ; ; ; ;;;;;;
 ; ; ; ; ; ; ; ; ; ; ; ; ; ; ; ; ; ; ; ; ; ; ; ; ; ; ; ; ;Groupe; ;Travaux en cours T 2; ;Stocks et en-cours; ; ; ; ; ; ; ; ; ; ; ; ; ; ; ; ;;;;;;
 ; ; ; ; ; ; ; ; ; ; ; ; ; ; ; ; ; ; ; ; ; ; ; ; ; ; ; ; ;Associés - Comptes courants; ;Études en cours E 1; ;Créances; ; ; ; ; ; ; ; ; ; ; ; ; ; ; ; ;;;;;;
 ; ; ; ; ; ; ; ; ; ; ; ; ; ; ; ; ; ; ; ; ; ; ; ; ; ; ; ; ;Associés - Opérations sur le capital; ;Études en cours E 2; ;Immobilisations financières; ; ; ; ; ; ; ; ; ; ; ; ; ; ; ; ;;;;;;
 ; ; ; ; ; ; ; ; ; ; ; ; ; ; ; ; ; ; ; ; ; ; ; ; ; ; ; ; ;Associés - Dividendes à payer; ;Prestations de services S 1; ;Valeurs mobilières de placement; ; ; ; ; ; ; ; ; ; ; ; ; ; ; ; ;;;;;;
 ; ; ; ; ; ; ; ; ; ; ; ; ; ; ; ; ; ; ; ; ; ; ; ; ; ; ; ; ;Associés - Opérations faites en commun et en G.I.E.; ;Prestations de services S 2; ;Amortissements dérogatoires; ; ; ; ; ; ; ; ; ; ; ; ; ; ; ; ;;;;;;
 ; ; ; ; ; ; ; ; ; ; ; ; ; ; ; ; ; ; ; ; ; ; ; ; ; ; ; ; ;Créances sur cessions d'immobilisations; ;Produits intermédiaires (ou groupe) A; ;Provision spéciale de réévaluation; ; ; ; ; ; ; ; ; ; ; ; ; ; ; ; ;;;;;;
 ; ; ; ; ; ; ; ; ; ; ; ; ; ; ; ; ; ; ; ; ; ; ; ; ; ; ; ; ;Dettes sur acquisitions de valeurs mobilières de placement; ;Produits intermédiaires (ou groupe) B; ;Plus - values réinvesties; ; ; ; ; ; ; ; ; ; ; ; ; ; ; ; ;;;;;;
 ; ; ; ; ; ; ; ; ; ; ; ; ; ; ; ; ; ; ; ; ; ; ; ; ; ; ; ; ;Créances sur cessions de valeurs mobilières de placement; ;Produits finis (ou groupe) A; ;Capital; ; ; ; ; ; ; ; ; ; ; ; ; ; ; ; ;;;;;;
 ; ; ; ; ; ; ; ; ; ; ; ; ; ; ; ; ; ; ; ; ; ; ; ; ; ; ; ; ;Autres comptes débiteurs ou créditeurs; ;Produits finis (ou groupe) B; ;Réserves; ; ; ; ; ; ; ; ; ; ; ; ; ; ; ; ;;;;;;
 ; ; ; ; ; ; ; ; ; ; ; ; ; ; ; ; ; ; ; ; ; ; ; ; ; ; ; ; ;Divers - Charges à payer et produits à recevoir; ;Déchets; ;Réserves; ; ; ; ; ; ; ; ; ; ; ; ; ; ; ; ;;;;;;
 ; ; ; ; ; ; ; ; ; ; ; ; ; ; ; ; ; ; ; ; ; ; ; ; ; ; ; ; ;Comptes d'attente; ;Rebuts; ;Résultat de l'exercice; ; ; ; ; ; ; ; ; ; ; ; ; ; ; ; ;;;;;;
 ; ; ; ; ; ; ; ; ; ; ; ; ; ; ; ; ; ; ; ; ; ; ; ; ; ; ; ; ;Comptes d'attente; ;Matières de récupération; ;Droit au bail; ; ; ; ; ; ; ; ; ; ; ; ; ; ; ; ;;;;;;
 ; ; ; ; ; ; ; ; ; ; ; ; ; ; ; ; ; ; ; ; ; ; ; ; ; ; ; ; ;Comptes d'attente; ;Matières (ou groupe) A; ;Installations techniques; matériels et outillage industriels; ; ; ; ; ; ; ; ; ; ; ; ; ; ; ; ;;;;;
 ; ; ; ; ; ; ; ; ; ; ; ; ; ; ; ; ; ; ; ; ; ; ; ; ; ; ; ; ;Différences d'évaluation de jetons sur des passifs; ;Matières (ou groupe) B; ;Matériel industriel; ; ; ; ; ; ; ; ; ; ; ; ; ; ; ; ;;;;;;
 ; ; ; ; ; ; ; ; ; ; ; ; ; ; ; ; ; ; ; ; ; ; ; ; ; ; ; ; ;Comptes d'attente; ;Fournitures A  B  C  ...; ;Installations générales; agencements; aménagements divers; ; ; ; ; ; ; ; ; ; ; ; ; ; ; ; ;;;;
 ; ; ; ; ; ; ; ; ; ; ; ; ; ; ; ; ; ; ; ; ; ; ; ; ; ; ; ; ;Différence de conversion - ACTIF; ;Matières consommables (même ventilation que celle du compte 321); ;Matériel de transport; ; ; ; ; ; ; ; ; ; ; ; ; ; ; ; ;;;;;;
 ; ; ; ; ; ; ; ; ; ; ; ; ; ; ; ; ; ; ; ; ; ; ; ; ; ; ; ; ;Différences de conversion - PASSIF; ;Fournitures consommables (même ventilation que celle du compte 322); ;Matériel de bureau et matériel informatique; ; ; ; ; ; ; ; ; ; ; ; ; ; ; ; ;;;;;;
 ; ; ; ; ; ; ; ; ; ; ; ; ; ; ; ; ; ; ; ; ; ; ; ; ; ; ; ; ;Autres comptes transitoires; ;Emballages (même ventilation que celle du compte 326); ;Mobilier; ; ; ; ; ; ; ; ; ; ; ; ; ; ; ; ;;;;;;
 ; ; ; ; ; ; ; ; ; ; ; ; ; ; ; ; ; ; ; ; ; ; ; ; ; ; ; ; ;Charges à répartir sur plusieurs exercices; ;Produits en cours (même ventilation que celle du compte 331); ;Prêts au personnel; ; ; ; ; ; ; ; ; ; ; ; ; ; ; ; ;;;;;;
 ; ; ; ; ; ; ; ; ; ; ; ; ; ; ; ; ; ; ; ; ; ; ; ; ; ; ; ; ;Charges constatées d'avance; ;Travaux en cours (même ventilation que celle du compte 335); ;Dépôts et cautionnements versés; ; ; ; ; ; ; ; ; ; ; ; ; ; ; ; ;;;;;;
 ; ; ; ; ; ; ; ; ; ; ; ; ; ; ; ; ; ; ; ; ; ; ; ; ; ; ; ; ;Produits constatés d'avance; ;Études en cours (même ventilation que celle du compte 341); ;Dépôts et cautionnements versés; ; ; ; ; ; ; ; ; ; ; ; ; ; ; ; ;;;;;;
 ; ; ; ; ; ; ; ; ; ; ; ; ; ; ; ; ; ; ; ; ; ; ; ; ; ; ; ; ;Comptes de répartition périodique des charges et des produits; ;Prestations de services en cours (même ventilation que celle du compte 345); ;Cautionnements; ; ; ; ; ; ; ; ; ; ; ; ; ; ; ; ;;;;;;
 ; ; ; ; ; ; ; ; ; ; ; ; ; ; ; ; ; ; ; ; ; ; ; ; ; ; ; ; ;Dépréciations des comptes de clients; ;Produits intermédiaires (même ventilation que celle du compte 351); ;Installations techniques; matériel et outillage industriels (même ventilation que celle du compte 215); ; ; ; ; ; ; ; ; ; ; ; ; ; ; ; ;;;;;
 ; ; ; ; ; ; ; ; ; ; ; ; ; ; ; ; ; ; ; ; ; ; ; ; ; ; ; ; ;Dépréciations des comptes du groupe et des associés; ;Produits finis (même ventilation que celle du compte 355); ;Autres immobilisations corporelles (même ventilation que celle du compte 218); ; ; ; ; ; ; ; ; ; ; ; ; ; ; ; ;;;;;;
 ; ; ; ; ; ; ; ; ; ; ; ; ; ; ; ; ; ; ; ; ; ; ; ; ; ; ; ; ;Dépréciations des comptes de débiteurs divers; ;Marchandise (ou groupe) A; ;Autres immobilisations corporelles (même ventilation que celle du compte 218); ; ; ; ; ; ; ; ; ; ; ; ; ; ; ; ;;;;;;
 ; ; ; ; ; ; ; ; ; ; ; ; ; ; ; ; ; ; ; ; ; ; ; ; ; ; ; ; ;Parts dans des entreprises liées; ;Marchandise (ou groupe) B; ;Autres immobilisations corporelles (même ventilation que celle du compte 218); ; ; ; ; ; ; ; ; ; ; ; ; ; ; ; ;;;;;;
 ; ; ; ; ; ; ; ; ; ; ; ; ; ; ; ; ; ; ; ; ; ; ; ; ; ; ; ; ;Actions propres; ;Fournisseurs - Achats de biens et prestations de services; ;Stock de matières premières; ; ; ; ; ; ; ; ; ; ; ; ; ; ; ; ;;;;;;
 ; ; ; ; ; ; ; ; ; ; ; ; ; ; ; ; ; ; ; ; ; ; ; ; ; ; ; ; ;Actions; ;Fournisseurs - Retenues de garantie; ;Fournisseurs - Achats de biens et prestations de services; ; ; ; ; ; ; ; ; ; ; ; ; ; ; ; ;;;;;;
 ; ; ; ; ; ; ; ; ; ; ; ; ; ; ; ; ; ; ; ; ; ; ; ; ; ; ; ; ;Autres titres conférant un droit de propriété; ;Fournisseurs - Achats d'immobilisations; ;Fournisseurs; ; ; ; ; ; ; ; ; ; ; ; ; ; ; ; ;;;;;;
 ; ; ; ; ; ; ; ; ; ; ; ; ; ; ; ; ; ; ; ; ; ; ; ; ; ; ; ; ;Obligations et bons émis par la société et rachetés par elle; ;Fournisseurs d'immobilisations - Retenues de garantie; ;Fournisseurs - Avances et acomptes versés sur commandes; ; ; ; ; ; ; ; ; ; ; ; ; ; ; ; ;;;;;;
 ; ; ; ; ; ; ; ; ; ; ; ; ; ; ; ; ; ; ; ; ; ; ; ; ; ; ; ; ;Obligations; ;Fournisseurs; ;Personnel - Rémunérations dues; ; ; ; ; ; ; ; ; ; ; ; ; ; ; ; ;;;;;;
 ; ; ; ; ; ; ; ; ; ; ; ; ; ; ; ; ; ; ; ; ; ; ; ; ; ; ; ; ;Bons du Trésor et bons de caisse à court terme; ;Fournisseurs d'immobilisations; ;Personnel - Avances et acomptes; ; ; ; ; ; ; ; ; ; ; ; ; ; ; ; ;;;;;;
 ; ; ; ; ; ; ; ; ; ; ; ; ; ; ; ; ; ; ; ; ; ; ; ; ; ; ; ; ;Autres valeurs mobilières de placement et autres créances assimilées; ;Fournisseurs - Intérêts courus; ;Dettes provisionnées pour congés à payer; ; ; ; ; ; ; ; ; ; ; ; ; ; ; ; ;;;;;;
 ; ; ; ; ; ; ; ; ; ; ; ; ; ; ; ; ; ; ; ; ; ; ; ; ; ; ; ; ;Versements restant à effectuer sur valeurs mobilières de placement non libérées; ;Fournisseurs - Avances et acomptes versés sur commandes; ;Sécurité sociale; ; ; ; ; ; ; ; ; ; ; ; ; ; ; ; ;;;;;;
 ; ; ; ; ; ; ; ; ; ; ; ; ; ; ; ; ; ; ; ; ; ; ; ; ; ; ; ; ;Valeurs à l'encaissement; ;Fournisseurs - Créances pour emballages et matériel à rendre; ;Autres organismes sociaux; ; ; ; ; ; ; ; ; ; ; ; ; ; ; ; ;;;;;;
 ; ; ; ; ; ; ; ; ; ; ; ; ; ; ; ; ; ; ; ; ; ; ; ; ; ; ; ; ;Banques; ;Fournisseurs - Autres avoirs; ;Autres organismes sociaux; ; ; ; ; ; ; ; ; ; ; ; ; ; ; ; ;;;;;;
 ; ; ; ; ; ; ; ; ; ; ; ; ; ; ; ; ; ; ; ; ; ; ; ; ; ; ; ; ;Chèques postaux; ;Rabais  remises  ristournes à obtenir et autres avoirs non encore reçus; ;Charges sociales sur congés à payer; ; ; ; ; ; ; ; ; ; ; ; ; ; ; ; ;;;;;;
 ; ; ; ; ; ; ; ; ; ; ; ; ; ; ; ; ; ; ; ; ; ; ; ; ; ; ; ; ;« Caisses » du Trésor et des établissements publics; ;Clients - Ventes de biens ou de prestations de services; ;Prélèvements à la source (Impôt sur le revenu) (2); ; ; ; ; ; ; ; ; ; ; ; ; ; ; ; ;;;;;;
 ; ; ; ; ; ; ; ; ; ; ; ; ; ; ; ; ; ; ; ; ; ; ; ; ; ; ; ; ;Sociétés de bourse; ;Clients - Retenues de garantie; ;État - Impôts sur les bénéfices; ; ; ; ; ; ; ; ; ; ; ; ; ; ; ; ;;;;;;
 ; ; ; ; ; ; ; ; ; ; ; ; ; ; ; ; ; ; ; ; ; ; ; ; ; ; ; ; ;Autres organismes financiers; ;Clients - Factures à établir; ;Taxes sur le chiffre d'affaires à décaisser; ; ; ; ; ; ; ; ; ; ; ; ; ; ; ; ;;;;;;
 ; ; ; ; ; ; ; ; ; ; ; ; ; ; ; ; ; ; ; ; ; ; ; ; ; ; ; ; ;Intérêts courus; ;Clients - Intérêts courus; ;Autres impôts; taxes et versements assimilés; ; ; ; ; ; ; ; ; ; ; ; ; ; ; ; ;;;;;
 ; ; ; ; ; ; ; ; ; ; ; ; ; ; ; ; ; ; ; ; ; ; ; ; ; ; ; ; ;Concours bancaires courants; ;Clients - Avances et acomptes reçus sur commandes; ;Associés - Comptes courants; ; ; ; ; ; ; ; ; ; ; ; ; ; ; ; ;;;;;;
 ; ; ; ; ; ; ; ; ; ; ; ; ; ; ; ; ; ; ; ; ; ; ; ; ; ; ; ; ;Instruments financiers à terme; ;Clients - Dettes sur emballages et matériels consignés; ;Associés - Comptes courants; ; ; ; ; ; ; ; ; ; ; ; ; ; ; ; ;;;;;;
 ; ; ; ; ; ; ; ; ; ; ; ; ; ; ; ; ; ; ; ; ; ; ; ; ; ; ; ; ;Jetons détenus; ;Clients - Autres avoirs; ;Autres comptes débiteurs ou créditeurs; ; ; ; ; ; ; ; ; ; ; ; ; ; ; ; ;;;;;;
 ; ; ; ; ; ; ; ; ; ; ; ; ; ; ; ; ; ; ; ; ; ; ; ; ; ; ; ; ;Jetons auto-détenus; ;Rabais  remises  ristournes à accorder et autres avoirs à établir; ;Autres comptes débiteurs ou créditeurs; ; ; ; ; ; ; ; ; ; ; ; ; ; ; ; ;;;;;;
 ; ; ; ; ; ; ; ; ; ; ; ; ; ; ; ; ; ; ; ; ; ; ; ; ; ; ; ; ;Jetons empruntés; ;Réserve spéciale; ;Autres comptes débiteurs ou créditeurs; ; ; ; ; ; ; ; ; ; ; ; ; ; ; ; ;;;;;;
 ; ; ; ; ; ; ; ; ; ; ; ; ; ; ; ; ; ; ; ; ; ; ; ; ; ; ; ; ;Caisse siège social; ;Comptes courants; ;Autres comptes débiteurs ou créditeurs; ; ; ; ; ; ; ; ; ; ; ; ; ; ; ; ;;;;;;
 ; ; ; ; ; ; ; ; ; ; ; ; ; ; ; ; ; ; ; ; ; ; ; ; ; ; ; ; ;Caisse succursale (ou usine) A; ;Dettes provisionnées pour congés à payer; ;Charges constatées d'avance; ; ; ; ; ; ; ; ; ; ; ; ; ; ; ; ;;;;;;
 ; ; ; ; ; ; ; ; ; ; ; ; ; ; ; ; ; ; ; ; ; ; ; ; ; ; ; ; ;Caisse succursale (ou usine) B; ;Dettes provisionnées pour participation des salariés aux résultats; ;Comptes en monnaie nationale; ; ; ; ; ; ; ; ; ; ; ; ; ; ; ; ;;;;;;
 ; ; ; ; ; ; ; ; ; ; ; ; ; ; ; ; ; ; ; ; ; ; ; ; ; ; ; ; ;Dépréciations des valeurs mobilières de placement; ;Autres charges à payer; ;Caisse siège social; ; ; ; ; ; ; ; ; ; ; ; ; ; ; ; ;;;;;;
 ; ; ; ; ; ; ; ; ; ; ; ; ; ; ; ; ; ; ; ; ; ; ; ; ; ; ; ; ;Achats stockés - Matières premières (et fournitures); ;Produits à recevoir; ;Emballages; ; ; ; ; ; ; ; ; ; ; ; ; ; ; ; ;;;;;;
 ; ; ; ; ; ; ; ; ; ; ; ; ; ; ; ; ; ; ; ; ; ; ; ; ; ; ; ; ;Achats stockés - Autres approvisionnements; ;Charges sociales sur congés à payer; ;Achats de matières; ; ; ; ; ; ; ; ; ; ; ; ; ; ; ; ;;;;;;
 ; ; ; ; ; ; ; ; ; ; ; ; ; ; ; ; ; ; ; ; ; ; ; ; ; ; ; ; ;Achats d'études et prestations de services; ;Autres charges à payer; ;Fournitures d'entretien et de petit équipement; ; ; ; ; ; ; ; ; ; ; ; ; ; ; ; ;;;;;;
 ; ; ; ; ; ; ; ; ; ; ; ; ; ; ; ; ; ; ; ; ; ; ; ; ; ; ; ; ;Achats de matériel; équipements et travaux; ;Produits à recevoir; ;Publicité; publications; relations publiques; ; ; ; ; ; ; ; ; ; ; ; ; ; ; ; ;;;
 ; ; ; ; ; ; ; ; ; ; ; ; ; ; ; ; ; ; ; ; ; ; ; ; ; ; ; ; ;Achats non stockés de matières et fournitures; ;Subventions d'investissement; ;Commissions et courtages sur ventes; ; ; ; ; ; ; ; ; ; ; ; ; ; ; ; ;;;;;;
 ; ; ; ; ; ; ; ; ; ; ; ; ; ; ; ; ; ; ; ; ; ; ; ; ; ; ; ; ;Achats de marchandises; ;Subventions d'exploitation; ;Fournitures non stockables (eau; énergie; ...); ; ; ; ; ; ; ; ; ; ; ; ; ; ; ; ;;;;
 ; ; ; ; ; ; ; ; ; ; ; ; ; ; ; ; ; ; ; ; ; ; ; ; ; ; ; ; ;(Compte réservé; le cas échéant; à la récapitulation des frais accessoires incorporés aux achats); ;Subventions d'équilibre; ;Royalties; ; ; ; ; ; ; ; ; ; ; ; ; ; ; ; ;;;;
 ; ; ; ; ; ; ; ; ; ; ; ; ; ; ; ; ; ; ; ; ; ; ; ; ; ; ; ; ;Rabais; remises et ristournes obtenus sur achats; ;Avances sur subventions; ;Entretien et réparations; ; ; ; ; ; ; ; ; ; ; ; ; ; ; ; ;;;;;
 ; ; ; ; ; ; ; ; ; ; ; ; ; ; ; ; ; ; ; ; ; ; ; ; ; ; ; ; ;VARIATIONS DES STOCKS (approvisionnements et marchandises); ;Prélèvements à la source (Impôt sur le revenu) (2); ;Locations mobilières; ; ; ; ; ; ; ; ; ; ; ; ; ; ; ; ;;;;;;
 ; ; ; ; ; ; ; ; ; ; ; ; ; ; ; ; ; ; ; ; ; ; ; ; ; ; ; ; ;Sous-traitance générale; ;Prélèvements forfaitaires non libératoires (2); ;Publicité; publications; relations publiques; ; ; ; ; ; ; ; ; ; ; ; ; ; ; ; ;;;;
 ; ; ; ; ; ; ; ; ; ; ; ; ; ; ; ; ; ; ; ; ; ; ; ; ; ; ; ; ;Redevances de crédit-bail; ;Retenues et prélèvements sur les distributions (2); ;Honoraires; ; ; ; ; ; ; ; ; ; ; ; ; ; ; ; ;;;;;;
 ; ; ; ; ; ; ; ; ; ; ; ; ; ; ; ; ; ; ; ; ; ; ; ; ; ; ; ; ;Locations; ;Obligataires; ;Frais postaux et de télécommunications; ; ; ; ; ; ; ; ; ; ; ; ; ; ; ; ;;;;;;
 ; ; ; ; ; ; ; ; ; ; ; ; ; ; ; ; ; ; ; ; ; ; ; ; ; ; ; ; ;Charges locatives et de copropriété; ;Associés; ;Médecine du travail; pharmacie; ; ; ; ; ; ; ; ; ; ; ; ; ; ; ; ;;;;;
 ; ; ; ; ; ; ; ; ; ; ; ; ; ; ; ; ; ; ; ; ; ; ; ; ; ; ; ; ;Entretien et réparations; ;Créances sur l'Etat résultant de la suppression de la règle du décalage d'un mois en matière de T.V.A.; ;Déplacements; missions et réceptions; ; ; ; ; ; ; ; ; ; ; ; ; ; ; ; ;;;;;
 ; ; ; ; ; ; ; ; ; ; ; ; ; ; ; ; ; ; ; ; ; ; ; ; ; ; ; ; ;Primes d'assurances; ;Intérêts courus sur créances figurant au compte 4431; ;Entretien et réparations; ; ; ; ; ; ; ; ; ; ; ; ; ; ; ; ;;;;;;
 ; ; ; ; ; ; ; ; ; ; ; ; ; ; ; ; ; ; ; ; ; ; ; ; ; ; ; ; ;Études et recherches; ;T.V.A. due intracommunautaire; ;Publicité; publications; relations publiques; ; ; ; ; ; ; ; ; ; ; ; ; ; ; ; ;;;;
 ; ; ; ; ; ; ; ; ; ; ; ; ; ; ; ; ; ; ; ; ; ; ; ; ; ; ; ; ;Divers; ;Taxes sur le chiffre d'affaires à décaisser; ;Emballages; ; ; ; ; ; ; ; ; ; ; ; ; ; ; ; ;;;;;;
 ; ; ; ; ; ; ; ; ; ; ; ; ; ; ; ; ; ; ; ; ; ; ; ; ; ; ; ; ;Rabais; remises et ristournes obtenus sur services extérieurs; ;Taxes sur le chiffre d'affaires déductibles; ;Fournitures d'entretien et de petit équipement; ; ; ; ; ; ; ; ; ; ; ; ; ; ; ; ;;;;;
 ; ; ; ; ; ; ; ; ; ; ; ; ; ; ; ; ; ; ; ; ; ; ; ; ; ; ; ; ;Personnel extérieur à l'entreprise; ;Taxes sur le chiffre d'affaires collectées par l'entreprise; ;Fournitures non stockables (eau; énergie; ...); ; ; ; ; ; ; ; ; ; ; ; ; ; ; ; ;;;;
 ; ; ; ; ; ; ; ; ; ; ; ; ; ; ; ; ; ; ; ; ; ; ; ; ; ; ; ; ;Rémunérations d'intermédiaires et honoraires; ;Taxes sur le chiffre d'affaires à régulariser ou en attente; ;Achats de marchandises; ; ; ; ; ; ; ; ; ; ; ; ; ; ; ; ;;;;;;
 ; ; ; ; ; ; ; ; ; ; ; ; ; ; ; ; ; ; ; ; ; ; ; ; ; ; ; ; ;Publicité; publications; relations publiques; ;Charges fiscales sur congés à payer; ;Crédit-bail mobilier; ; ; ; ; ; ; ; ; ; ; ; ; ; ; ; ;;;;
 ; ; ; ; ; ; ; ; ; ; ; ; ; ; ; ; ; ; ; ; ; ; ; ; ; ; ; ; ;Transports de biens et transports collectifs du personnel; ;Charges à payer; ;Primes d'assurances; ; ; ; ; ; ; ; ; ; ; ; ; ; ; ; ;;;;;;
 ; ; ; ; ; ; ; ; ; ; ; ; ; ; ; ; ; ; ; ; ; ; ; ; ; ; ; ; ;Déplacements; missions et réceptions; ;Produits à recevoir; ;Crédit-bail mobilier; ; ; ; ; ; ; ; ; ; ; ; ; ; ; ; ;;;;;
 ; ; ; ; ; ; ; ; ; ; ; ; ; ; ; ; ; ; ; ; ; ; ; ; ; ; ; ; ;Frais postaux et de télécommunications; ;Principal; ;Crédit-bail mobilier; ; ; ; ; ; ; ; ; ; ; ; ; ; ; ; ;;;;;;
 ; ; ; ; ; ; ; ; ; ; ; ; ; ; ; ; ; ; ; ; ; ; ; ; ; ; ; ; ;Services bancaires et assimilés; ;Intérêts courus; ;Locations mobilières; ; ; ; ; ; ; ; ; ; ; ; ; ; ; ; ;;;;;;
 ; ; ; ; ; ; ; ; ; ; ; ; ; ; ; ; ; ; ; ; ; ; ; ; ; ; ; ; ;Divers; ;Associés - Comptes d'apport en société; ;Honoraires; ; ; ; ; ; ; ; ; ; ; ; ; ; ; ; ;;;;;;
 ; ; ; ; ; ; ; ; ; ; ; ; ; ; ; ; ; ; ; ; ; ; ; ; ; ; ; ; ;Rabais; remises et ristournes obtenus sur autres services extérieurs; ;Apporteurs - Capital appelé  non versé; ;Entretien et réparations; ; ; ; ; ; ; ; ; ; ; ; ; ; ; ; ;;;;;
 ; ; ; ; ; ; ; ; ; ; ; ; ; ; ; ; ; ; ; ; ; ; ; ; ; ; ; ; ;Taxe d'apprentissage et formation professionnelle; ;Associés - Versements reçus sur augmentation de capital; ;Locations mobilières; ; ; ; ; ; ; ; ; ; ; ; ; ; ; ; ;;;;;;
 ; ; ; ; ; ; ; ; ; ; ; ; ; ; ; ; ; ; ; ; ; ; ; ; ; ; ; ; ;Taxe d'apprentissage et formation professionnelle; ;Associés - Versements anticipés; ;Charges exceptionnelles sur opérations de gestion; ; ; ; ; ; ; ; ; ; ; ; ; ; ; ; ;;;;;;
 ; ; ; ; ; ; ; ; ; ; ; ; ; ; ; ; ; ; ; ; ; ; ; ; ; ; ; ; ;Autres impôts & taxes; ;Actionnaires défaillants; ;Locations mobilières; ; ; ; ; ; ; ; ; ; ; ; ; ; ; ; ;;;;;;
 ; ; ; ; ; ; ; ; ; ; ; ; ; ; ; ; ; ; ; ; ; ; ; ; ; ; ; ; ;Autres impôts; taxes et versements assimilés (autres organismes); ;Associés - Capital à rembourser; ;Locations immobilières & charges locatives; ; ; ; ; ; ; ; ; ; ; ; ; ; ; ; ;;;;;
 ; ; ; ; ; ; ; ; ; ; ; ; ; ; ; ; ; ; ; ; ; ; ; ; ; ; ; ; ;Rémunérations du personnel; ;Opérations courantes; ;Entretien et réparations; ; ; ; ; ; ; ; ; ; ; ; ; ; ; ; ;;;;;;
 ; ; ; ; ; ; ; ; ; ; ; ; ; ; ; ; ; ; ; ; ; ; ; ; ; ; ; ; ;Rémunération du travail de l'exploitant; ;Intérêts courus; ;Locations mobilières; ; ; ; ; ; ; ; ; ; ; ; ; ; ; ; ;;;;;;
 ; ; ; ; ; ; ; ; ; ; ; ; ; ; ; ; ; ; ; ; ; ; ; ; ; ; ; ; ;Charges de sécurité sociale et de prévoyance; ;Charges à payer; ;Transports de biens; ; ; ; ; ; ; ; ; ; ; ; ; ; ; ; ;;;;;;
 ; ; ; ; ; ; ; ; ; ; ; ; ; ; ; ; ; ; ; ; ; ; ; ; ; ; ; ; ;Cotisations sociales personnelles de l'exploitant; ;Produits à recevoir; ;Honoraires; ; ; ; ; ; ; ; ; ; ; ; ; ; ; ; ;;;;;;
 ; ; ; ; ; ; ; ; ; ; ; ; ; ; ; ; ; ; ; ; ; ; ; ; ; ; ; ; ;Autres charges sociales; ;Différences d'évaluation de jetons sur des passifs - ACTIF; ;Fournitures d'entretien et de petit équipement; ; ; ; ; ; ; ; ; ; ; ; ; ; ; ; ;;;;;;
 ; ; ; ; ; ; ; ; ; ; ; ; ; ; ; ; ; ; ; ; ; ; ; ; ; ; ; ; ;Autres charges de personnel; ;Différences d'évaluation de jetons sur des passifs - PASSIF; ;Locations immobilières & charges locatives; ; ; ; ; ; ; ; ; ; ; ; ; ; ; ; ;;;;;;
 ; ; ; ; ; ; ; ; ; ; ; ; ; ; ; ; ; ; ; ; ; ; ; ; ; ; ; ; ;Redevances pour concessions; brevets; licences; marques; procédés; logiciels; droits et valeurs similaires; ;Diminution des créances; ;Frais postaux et de télécommunications; ; ; ; ; ; ; ; ; ; ; ; ; ; ; ; 
 ; ; ; ; ; ; ; ; ; ; ; ; ; ; ; ; ; ; ; ; ; ; ; ; ; ; ; ; ;Jetons de présence; ;Augmentation des dettes; ;Comptes d'attente; ; ; ; ; ; ; ; ; ; ; ; ; ; ; ; ;;;;;;
 ; ; ; ; ; ; ; ; ; ; ; ; ; ; ; ; ; ; ; ; ; ; ; ; ; ; ; ; ;Pertes sur créances irrécouvrables; ;Différences compensées par couverture de change; ;Clients - Ventes de biens ou de prestations de services; ; ; ; ; ; ; ; ; ; ; ; ; ; ; ; ;;;;;;
 ; ; ; ; ; ; ; ; ; ; ; ; ; ; ; ; ; ; ; ; ; ; ; ; ; ; ; ; ;Quotes - parts de résultat sur opérations faites en commun; ;Augmentation des créances; ;Valeurs à l'encaissement; ; ; ; ; ; ; ; ; ; ; ; ; ; ; ; ;;;;;;
 ; ; ; ; ; ; ; ; ; ; ; ; ; ; ; ; ; ; ; ; ; ; ; ; ; ; ; ; ;Pertes de change sur créances commerciales; ;Diminution des dettes; ;Services bancaires et assimilés; ; ; ; ; ; ; ; ; ; ; ; ; ; ; ; ;;;;;;
 ; ; ; ; ; ; ; ; ; ; ; ; ; ; ; ; ; ; ; ; ; ; ; ; ; ; ; ; ;Charges diverses de gestion courante; ;Différences compensées par couverture de change; ;Coupons échus à l'encaissement; ; ; ; ; ; ; ; ; ; ; ; ; ; ; ; ;;;;;;
 ; ; ; ; ; ; ; ; ; ; ; ; ; ; ; ; ; ; ; ; ; ; ; ; ; ; ; ; ;Charges d'intérêts; ;Mali de fusion sur actif circulant; ;Primes d'assurances; ; ; ; ; ; ; ; ; ; ; ; ; ; ; ; ;;;;;;
 ; ; ; ; ; ; ; ; ; ; ; ; ; ; ; ; ; ; ; ; ; ; ; ; ; ; ; ; ;Pertes sur créances liées à des participations; ;Différences d'évaluation - ACTIF; ;Primes d'assurances; ; ; ; ; ; ; ; ; ; ; ; ; ; ; ; ;;;;;;
 ; ; ; ; ; ; ; ; ; ; ; ; ; ; ; ; ; ; ; ; ; ; ; ; ; ; ; ; ;Escomptes accordés; ;Différences d'évaluation - PASSIF; ;Primes d'assurances; ; ; ; ; ; ; ; ; ; ; ; ; ; ; ; ;;;;;;
 ; ; ; ; ; ; ; ; ; ; ; ; ; ; ; ; ; ; ; ; ; ; ; ; ; ; ; ; ;Pertes de change financières; ;Frais d'émission des emprunts; ;Virements internes; ; ; ; ; ; ; ; ; ; ; ; ; ; ; ; ;;;;;;
 ; ; ; ; ; ; ; ; ; ; ; ; ; ; ; ; ; ; ; ; ; ; ; ; ; ; ; ; ;Charges nettes sur cessions de valeurs mobilières de placement; ;Produits constatés d'avance sur jetons émis; ;Transferts de charges d'exploitation; ; ; ; ; ; ; ; ; ; ; ; ; ; ; ; ;;;;;;
 ; ; ; ; ; ; ; ; ; ; ; ; ; ; ; ; ; ; ; ; ; ; ; ; ; ; ; ; ;Autres charges financières; ;Charges; ;Services bancaires et assimilés; ; ; ; ; ; ; ; ; ; ; ; ; ; ; ; ;;;;;;
 ; ; ; ; ; ; ; ; ; ; ; ; ; ; ; ; ; ; ; ; ; ; ; ; ; ; ; ; ;Charges exceptionnelles sur opérations de gestion; ;Produits; ;Primes d'assurances; ; ; ; ; ; ; ; ; ; ; ; ; ; ; ; ;;;;;;
 ; ; ; ; ; ; ; ; ; ; ; ; ; ; ; ; ; ; ; ; ; ; ; ; ; ; ; ; ;(Compte à la disposition des entités pour enregistrer; en cours d'exercice; les charges sur exercices antérieurs); ;Comptes du groupe; ;Primes d'assurances; ; ; ; ; ; ; ; ; ; ; ; ; ; ; ; ;;;;
 ; ; ; ; ; ; ; ; ; ; ; ; ; ; ; ; ; ; ; ; ; ; ; ; ; ; ; ; ;Opérations de constitution ou liquidation des fiducies; ;Comptes courants des associés; ;Valeurs à l'encaissement; ; ; ; ; ; ; ; ; ; ; ; ; ; ; ; ;;;;;;
 ; ; ; ; ; ; ; ; ; ; ; ; ; ; ; ; ; ; ; ; ; ; ; ; ; ; ; ; ;Valeurs comptables des éléments d'actif cédés; ;Opérations faites en commun et en G.I.E.; ;Primes d'assurances; ; ; ; ; ; ; ; ; ; ; ; ; ; ; ; ;;;;;;
 ; ; ; ; ; ; ; ; ; ; ; ; ; ; ; ; ; ; ; ; ; ; ; ; ; ; ; ; ;Autres charges exceptionnelles; ;Créances sur cessions d'immobilisations; ;Primes d'assurances; ; ; ; ; ; ; ; ; ; ; ; ; ; ; ; ;;;;;;
 ; ; ; ; ; ; ; ; ; ; ; ; ; ; ; ; ; ; ; ; ; ; ; ; ; ; ; ; ;Dotations aux amortissements; dépréciations et provisions – Charges d'exploitation; ;Créances sur cessions de valeurs mobilières de placement; ;Primes d'assurances; ; ; ; ; ; ; ; ; ; ; ; ; ; ; ; ;;;;;
 ; ; ; ; ; ; ; ; ; ; ; ; ; ; ; ; ; ; ; ; ; ; ; ; ; ; ; ; ;Dotations aux amortissements; dépréciations et provisions - Charges financières; ;Autres comptes débiteurs; ;Autres charges à payer; ; ; ; ; ; ; ; ; ; ; ; ; ; ; ; ;;;;;
 ; ; ; ; ; ; ; ; ; ; ; ; ; ; ; ; ; ; ; ; ; ; ; ; ; ; ; ; ;Dotations aux amortissements dépréciations et provisions - Charges exceptionnelles; ;Actions destinées à être attribuées aux employés et affectées à des plans déterminés; ;Autres impôts & taxes; ; ; ; ; ; ; ; ; ; ; ; ; ; ; ; ;;;;;;
 ; ; ; ; ; ; ; ; ; ; ; ; ; ; ; ; ; ; ; ; ; ; ; ; ; ; ; ; ;Participation des salariés aux résultats; ;Actions disponibles pour être attribuées aux employés ou pour la régularisation des cours de bourse; ;Valeurs à l'encaissement; ; ; ; ; ; ; ; ; ; ; ; ; ; ; ; ;;;;;;
 ; ; ; ; ; ; ; ; ; ; ; ; ; ; ; ; ; ; ; ; ; ; ; ; ; ; ; ; ;Impôts sur les bénéfices; ;Titres cotés; ;Autres impôts & taxes; ; ; ; ; ; ; ; ; ; ; ; ; ; ; ; ;;;;;;
 ; ; ; ; ; ; ; ; ; ; ; ; ; ; ; ; ; ; ; ; ; ; ; ; ; ; ; ; ;Suppléments d'impôt sur les sociétés liés aux distributions; ;Titres non cotés; ;Autres comptes débiteurs ou créditeurs; ; ; ; ; ; ; ; ; ; ; ; ; ; ; ; ;;;;;;
 ; ; ; ; ; ; ; ; ; ; ; ; ; ; ; ; ; ; ; ; ; ; ; ; ; ; ; ; ;Intégration fiscale; ;Titres cotés; ;Prestations de services; ; ; ; ; ; ; ; ; ; ; ; ; ; ; ; ;;;;;;
 ; ; ; ; ; ; ; ; ; ; ; ; ; ; ; ; ; ; ; ; ; ; ; ; ; ; ; ; ;Produits - Report en arrière des déficits; ;Titres non cotés; ;Congés payés; ; ; ; ; ; ; ; ; ; ; ; ; ; ; ; ;;;;;;
 ; ; ; ; ; ; ; ; ; ; ; ; ; ; ; ; ; ; ; ; ; ; ; ; ; ; ; ; ;Ventes de produits finis; ;Autres valeurs mobilières; ;Cotisations aux autres organismes sociaux; ; ; ; ; ; ; ; ; ; ; ; ; ; ; ; ;;;;;;
 ; ; ; ; ; ; ; ; ; ; ; ; ; ; ; ; ; ; ; ; ; ; ; ; ; ; ; ; ;Ventes de produits intermédiaires; ;Bons de souscription; ;Charges diverses de gestion courante; ; ; ; ; ; ; ; ; ; ; ; ; ; ; ; ;;;;;;
 ; ; ; ; ; ; ; ; ; ; ; ; ; ; ; ; ; ; ; ; ; ; ; ; ; ; ; ; ;Ventes de produits résiduels; ;Intérêts courus sur obligations  bons et valeurs assimilées; ;Produits divers de gestion courante; ; ; ; ; ; ; ; ; ; ; ; ; ; ; ; ;;;;;;
 ; ; ; ; ; ; ; ; ; ; ; ; ; ; ; ; ; ; ; ; ; ; ; ; ; ; ; ; ; ; ; ; ;Services bancaires et assimilés; ; ; ; ; ; ; ; ; ; ; ; ; ; ; ; ;;;;;;
 ; ; ; ; ; ; ; ; ; ; ; ; ; ; ; ; ; ; ; ; ; ; ; ; ; ; ; ; ;Études; ;Chèques à encaisser; ;Autres comptes débiteurs ou créditeurs; ; ; ; ; ; ; ; ; ; ; ; ; ; ; ; ;;;;;;
 ; ; ; ; ; ; ; ; ; ; ; ; ; ; ; ; ; ; ; ; ; ; ; ; ; ; ; ; ;Prestations de services; ;Effets à l'encaissement; ;Taxe d'apprentissage et formation professionnelle; ; ; ; ; ; ; ; ; ; ; ; ; ; ; ; ;;;;;;
 ; ; ; ; ; ; ; ; ; ; ; ; ; ; ; ; ; ; ; ; ; ; ; ; ; ; ; ; ;Ventes de marchandises; ;Effets à l'escompte; ;Salaires; appointements; ; ; ; ; ; ; ; ; ; ; ; ; ; ; ; ;;;;;
 ; ; ; ; ; ; ; ; ; ; ; ; ; ; ; ; ; ; ; ; ; ; ; ; ; ; ; ; ;Autres produits d'activités annexes; ;Comptes en monnaie nationale; ;Charges de sécurité sociale et de prévoyance; ; ; ; ; ; ; ; ; ; ; ; ; ; ; ; ;;;;;;
 ; ; ; ; ; ; ; ; ; ; ; ; ; ; ; ; ; ; ; ; ; ; ; ; ; ; ; ; ;Rabais; remises et ristournes accordés par l'entreprise; ;Comptes en devises; ;URSSAF; ; ; ; ; ; ; ; ; ; ; ; ; ; ; ; ;;;;;
 ; ; ; ; ; ; ; ; ; ; ; ; ; ; ; ; ; ; ; ; ; ; ; ; ; ; ; ; ;Variation des stocks (en-cours de production; produits); ;Intérêts courus à payer; ;Cotisations aux caisses de retraites; ; ; ; ; ; ; ; ; ; ; ; ; ; ; ; ;;;;;
 ; ; ; ; ; ; ; ; ; ; ; ; ; ; ; ; ; ; ; ; ; ; ; ; ; ; ; ; ;Immobilisations incorporelles; ;Intérêts courus à recevoir; ;Cotisations aux ASSEDIC; ; ; ; ; ; ; ; ; ; ; ; ; ; ; ; ;;;;;;
 ; ; ; ; ; ; ; ; ; ; ; ; ; ; ; ; ; ; ; ; ; ; ; ; ; ; ; ; ;Immobilisations corporelles; ;Crédit de mobilisation de créances commerciales (CMCC); ;Rémunérations du personnel; ; ; ; ; ; ; ; ; ; ; ; ; ; ; ; ;;;;;;
 ; ; ; ; ; ; ; ; ; ; ; ; ; ; ; ; ; ; ; ; ; ; ; ; ; ; ; ; ;Redevances pour concessions; brevets; licences; marques; procédés; logiciels; droits et valeurs similaires; ;Mobilisation de créances nées à l'étranger; ;Charges de sécurité sociale et de prévoyance; ; ; ; ; ; ; ; ; ; ; ; ; ; ; ; 
 ; ; ; ; ; ; ; ; ; ; ; ; ; ; ; ; ; ; ; ; ; ; ; ; ; ; ; ; ;Revenus des immeubles non affectés à des activités professionnelles; ;Intérêts courus sur concours bancaires courants; ;Autres organismes sociaux; ; ; ; ; ; ; ; ; ; ; ; ; ; ; ; ;;;;;;
 ; ; ; ; ; ; ; ; ; ; ; ; ; ; ; ; ; ; ; ; ; ; ; ; ; ; ; ; ;Jetons de présence et rémunérations d'administrateurs; gérants; ;Caisse en monnaie nationale; ;Primes et gratifications; ; ; ; ; ; ; ; ; ; ; ; ; ; ; ; ;;;;;
 ; ; ; ; ; ; ; ; ; ; ; ; ; ; ; ; ; ; ; ; ; ; ; ; ; ; ; ; ;Ristournes perçues des coopératives (provenant des excédents); ;Caisse en devises; ;Prestations de services; ; ; ; ; ; ; ; ; ; ; ; ; ; ; ; ;;;;;;
 ; ; ; ; ; ; ; ; ; ; ; ; ; ; ; ; ; ; ; ; ; ; ; ; ; ; ; ; ;Quotes - parts de résultat sur opérations faites en commun; ;Actions; ;Prestations de services; ; ; ; ; ; ; ; ; ; ; ; ; ; ; ; ;;;;;;
 ; ; ; ; ; ; ; ; ; ; ; ; ; ; ; ; ; ; ; ; ; ; ; ; ; ; ; ; ;Gains de change sur créances commerciales; ;Autres titres conférant un droit de propriété; ;Commissions et courtages sur ventes; ; ; ; ; ; ; ; ; ; ; ; ; ; ; ; ;;;;;;
 ; ; ; ; ; ; ; ; ; ; ; ; ; ; ; ; ; ; ; ; ; ; ; ; ; ; ; ; ;Produits divers de gestion courante; ;Obligations; ;Prestations de services; ; ; ; ; ; ; ; ; ; ; ; ; ; ; ; ;;;;;;
 ; ; ; ; ; ; ; ; ; ; ; ; ; ; ; ; ; ; ; ; ; ; ; ; ; ; ; ; ;Produits de participations; ;Autres valeurs mobilières de placement et créances assimilées; ;Commissions et courtages sur ventes; ; ; ; ; ; ; ; ; ; ; ; ; ; ; ; ;;;;;;
 ; ; ; ; ; ; ; ; ; ; ; ; ; ; ; ; ; ; ; ; ; ; ; ; ; ; ; ; ;Produits des autres immobilisations financières; ;Achats de matières; ; ; ; ; ; ; ; ; ; ; ; ; ; ; ; ; ; ;;;;;;
 ; ; ; ; ; ; ; ; ; ; ; ; ; ; ; ; ; ; ; ; ; ; ; ; ; ; ; ; ;Revenus des autres créances; ;Achats de matières; ; ; ; ; ; ; ; ; ; ; ; ; ; ; ; ; ; ;;;;;;
 ; ; ; ; ; ; ; ; ; ; ; ; ; ; ; ; ; ; ; ; ; ; ; ; ; ; ; ; ;Revenus des valeurs mobilières de placement; ;Achats de matières; ; ; ; ; ; ; ; ; ; ; ; ; ; ; ; ; ; ;;;;;;
 ; ; ; ; ; ; ; ; ; ; ; ; ; ; ; ; ; ; ; ; ; ; ; ; ; ; ; ; ;Escomptes obtenus; ;Achats de matières; ; ; ; ; ; ; ; ; ; ; ; ; ; ; ; ; ; ;;;;;;
 ; ; ; ; ; ; ; ; ; ; ; ; ; ; ; ; ; ; ; ; ; ; ; ; ; ; ; ; ;Gains de change; ;Achats de matières; ; ; ; ; ; ; ; ; ; ; ; ; ; ; ; ; ; ;;;;;;
 ; ; ; ; ; ; ; ; ; ; ; ; ; ; ; ; ; ; ; ; ; ; ; ; ; ; ; ; ;Produits nets sur cessions de valeurs mobilières de placement; ;Fournitures A  B  C  ...; ; ; ; ; ; ; ; ; ; ; ; ; ; ; ; ; ; ;;;;;;
 ; ; ; ; ; ; ; ; ; ; ; ; ; ; ; ; ; ; ; ; ; ; ; ; ; ; ; ; ;Autres produits financiers; ;Matières consommables; ; ; ; ; ; ; ; ; ; ; ; ; ; ; ; ; ; ;;;;;;
 ; ; ; ; ; ; ; ; ; ; ; ; ; ; ; ; ; ; ; ; ; ; ; ; ; ; ; ; ;Produits exceptionnels sur opérations de gestion; ;Fournitures consommables; ; ; ; ; ; ; ; ; ; ; ; ; ; ; ; ; ; ;;;;;;
 ; ; ; ; ; ; ; ; ; ; ; ; ; ; ; ; ; ; ; ; ; ; ; ; ; ; ; ; ;(Compte à la disposition des entités pour enregistrer; en cours d'exercice; les produits sur exercices antérieurs); ;Produits d'entretien; ; ; ; ; ; ; ; ; ; ; ; ; ; ; ; ; ; ;;;;
 ; ; ; ; ; ; ; ; ; ; ; ; ; ; ; ; ; ; ; ; ; ; ; ; ; ; ; ; ;Opérations de constitution ou liquidation des fiducies; ;Emballages; ; ; ; ; ; ; ; ; ; ; ; ; ; ; ; ; ; ;;;;;;
 ; ; ; ; ; ; ; ; ; ; ; ; ; ; ; ; ; ; ; ; ; ; ; ; ; ; ; ; ;Produits des cessions d'éléments d'actif; ;Prestations communication & marketing; ; ; ; ; ; ; ; ; ; ; ; ; ; ; ; ; ; ;;;;;;
 ; ; ; ; ; ; ; ; ; ; ; ; ; ; ; ; ; ; ; ; ; ; ; ; ; ; ; ; ;Quote - part des subventions d'investissement virée au résultat de l'exercice; ;Prestations communication & marketing; ; ; ; ; ; ; ; ; ; ; ; ; ; ; ; ; ; ;;;;;;
 ; ; ; ; ; ; ; ; ; ; ; ; ; ; ; ; ; ; ; ; ; ; ; ; ; ; ; ; ;Autres produits exceptionnels; ;Fournitures d'entretien et de petit équipement; ; ; ; ; ; ; ; ; ; ; ; ; ; ; ; ; ; ;;;;;;
 ; ; ; ; ; ; ; ; ; ; ; ; ; ; ; ; ; ; ; ; ; ; ; ; ; ; ; ; ;Reprises sur amortissements; dépréciations et provisions (à inscrire dans les produits d'exploitation); ;Fournitures non stockables (eau  énergie  ...); ; ; ; ; ; ; ; ; ; ; ; ; ; ; ; ; ; ;;;;;
 ; ; ; ; ; ; ; ; ; ; ; ; ; ; ; ; ; ; ; ; ; ; ; ; ; ; ; ; ;Reprises sur dépréciations et provisions (à inscrire dans les produits financiers); ;Fournitures d'entretien et de petit équipement; ; ; ; ; ; ; ; ; ; ; ; ; ; ; ; ; ; ;;;;;;
 ; ; ; ; ; ; ; ; ; ; ; ; ; ; ; ; ; ; ; ; ; ; ; ; ; ; ; ; ;Reprises sur dépréciations et provisions (à inscrire dans les produits exceptionnels); ;Fournitures administratives; ; ; ; ; ; ; ; ; ; ; ; ; ; ; ; ; ; ;;;;;;
 ; ; ; ; ; ; ; ; ; ; ; ; ; ; ; ; ; ; ; ; ; ; ; ; ; ; ; ; ;Transferts de charges d'exploitation; ;Fournitures d'entretien et de petit équipement; ; ; ; ; ; ; ; ; ; ; ; ; ; ; ; ; ; ;;;;;;
 ; ; ; ; ; ; ; ; ; ; ; ; ; ; ; ; ; ; ; ; ; ; ; ; ; ; ; ; ;Transferts de charges financières; ;Autres matières et fournitures; ; ; ; ; ; ; ; ; ; ; ; ; ; ; ; ; ; ;;;;;;
 ; ; ; ; ; ; ; ; ; ; ; ; ; ; ; ; ; ; ; ; ; ; ; ; ; ; ; ; ;Transferts de charges exceptionnelles; ;Achats de marchandises; ; ; ; ; ; ; ; ; ; ; ; ; ; ; ; ; ; ;;;;;;
 ; ; ; ; ; ; ; ; ; ; ; ; ; ; ; ; ; ; ; ; ; ; ; ; ; ; ; ; ; ; ;Achats de marchandises; ; ; ; ; ; ; ; ; ; ; ; ; ; ; ; ; ; ;;;;;;
 ; ; ; ; ; ; ; ; ; ; ; ; ; ; ; ; ; ; ; ; ; ; ; ; ; ; ; ; ; ; ;Achats de marchandises; ; ; ; ; ; ; ; ; ; ; ; ; ; ; ; ; ; ;;;;;;
 ; ; ; ; ; ; ; ; ; ; ; ; ; ; ; ; ; ; ; ; ; ; ; ; ; ; ; ; ; ; ;Achats de matières; ; ; ; ; ; ; ; ; ; ; ; ; ; ; ; ; ; ;;;;;;
 ; ; ; ; ; ; ; ; ; ; ; ; ; ; ; ; ; ; ; ; ; ; ; ; ; ; ; ; ; ; ;Achats de marchandises; ; ; ; ; ; ; ; ; ; ; ; ; ; ; ; ; ; ;;;;;;
 ; ; ; ; ; ; ; ; ; ; ; ; ; ; ; ; ; ; ; ; ; ; ; ; ; ; ; ; ; ; ;Achats de matières; ; ; ; ; ; ; ; ; ; ; ; ; ; ; ; ; ; ;;;;;;
 ; ; ; ; ; ; ; ; ; ; ; ; ; ; ; ; ; ; ; ; ; ; ; ; ; ; ; ; ; ; ;Achats de matières; ; ; ; ; ; ; ; ; ; ; ; ; ; ; ; ; ; ;;;;;;
 ; ; ; ; ; ; ; ; ; ; ; ; ; ; ; ; ; ; ; ; ; ; ; ; ; ; ; ; ; ; ;Remises sur autres approvisionnements stockés; ; ; ; ; ; ; ; ; ; ; ; ; ; ; ; ; ; ;;;;;;
 ; ; ; ; ; ; ; ; ; ; ; ; ; ; ; ; ; ; ; ; ; ; ; ; ; ; ; ; ; ; ;Remises sur études et prestations de services; ; ; ; ; ; ; ; ; ; ; ; ; ; ; ; ; ; ;;;;;;
 ; ; ; ; ; ; ; ; ; ; ; ; ; ; ; ; ; ; ; ; ; ; ; ; ; ; ; ; ; ; ;Remises sur matériel  équipements et travaux; ; ; ; ; ; ; ; ; ; ; ; ; ; ; ; ; ; ;;;;;;
 ; ; ; ; ; ; ; ; ; ; ; ; ; ; ; ; ; ; ; ; ; ; ; ; ; ; ; ; ; ; ;Remises sur approvisionnements non stockés; ; ; ; ; ; ; ; ; ; ; ; ; ; ; ; ; ; ;;;;;;
 ; ; ; ; ; ; ; ; ; ; ; ; ; ; ; ; ; ; ; ; ; ; ; ; ; ; ; ; ; ; ;Achats de marchandises; ; ; ; ; ; ; ; ; ; ; ; ; ; ; ; ; ; ;;;;;;
 ; ; ; ; ; ; ; ; ; ; ; ; ; ; ; ; ; ; ; ; ; ; ; ; ; ; ; ; ; ; ;Rabais  remises et ristournes non affectés; ; ; ; ; ; ; ; ; ; ; ; ; ; ; ; ; ; ;;;;;;
 ; ; ; ; ; ; ; ; ; ; ; ; ; ; ; ; ; ; ; ; ; ; ; ; ; ; ; ; ; ; ;Variation des stocks; ; ; ; ; ; ; ; ; ; ; ; ; ; ; ; ; ; ;;;;;;
 ; ; ; ; ; ; ; ; ; ; ; ; ; ; ; ; ; ; ; ; ; ; ; ; ; ; ; ; ; ; ;Variation des stocks; ; ; ; ; ; ; ; ; ; ; ; ; ; ; ; ; ; ;;;;;;
 ; ; ; ; ; ; ; ; ; ; ; ; ; ; ; ; ; ; ; ; ; ; ; ; ; ; ; ; ; ; ;Variation des stocks; ; ; ; ; ; ; ; ; ; ; ; ; ; ; ; ; ; ;;;;;;
 ; ; ; ; ; ; ; ; ; ; ; ; ; ; ; ; ; ; ; ; ; ; ; ; ; ; ; ; ; ; ;Prestations de services divers (dont Brink's); ; ; ; ; ; ; ; ; ; ; ; ; ; ; ; ; ; ;;;;;;
 ; ; ; ; ; ; ; ; ; ; ; ; ; ; ; ; ; ; ; ; ; ; ; ; ; ; ; ; ; ; ;Personnel extérieur à l'entreprise; ; ; ; ; ; ; ; ; ; ; ; ; ; ; ; ; ; ;;;;;;
 ; ; ; ; ; ; ; ; ; ; ; ; ; ; ; ; ; ; ; ; ; ; ; ; ; ; ; ; ; ; ;Crédit-bail mobilier; ; ; ; ; ; ; ; ; ; ; ; ; ; ; ; ; ; ;;;;;;
 ; ; ; ; ; ; ; ; ; ; ; ; ; ; ; ; ; ; ; ; ; ; ; ; ; ; ; ; ; ; ;Crédit-bail immobilier; ; ; ; ; ; ; ; ; ; ; ; ; ; ; ; ; ; ;;;;;;
 ; ; ; ; ; ; ; ; ; ; ; ; ; ; ; ; ; ; ; ; ; ; ; ; ; ; ; ; ; ; ;Locations immobilières & charges locatives; ; ; ; ; ; ; ; ; ; ; ; ; ; ; ; ; ; ;;;;;;
 ; ; ; ; ; ; ; ; ; ; ; ; ; ; ; ; ; ; ; ; ; ; ; ; ; ; ; ; ; ; ;Locations mobilières; ; ; ; ; ; ; ; ; ; ; ; ; ; ; ; ; ; ;;;;;;
 ; ; ; ; ; ; ; ; ; ; ; ; ; ; ; ; ; ; ; ; ; ; ; ; ; ; ; ; ; ; ;Malis sur emballages; ; ; ; ; ; ; ; ; ; ; ; ; ; ; ; ; ; ;;;;;;
 ; ; ; ; ; ; ; ; ; ; ; ; ; ; ; ; ; ; ; ; ; ; ; ; ; ; ; ; ; ; ;Locations immobilières & charges locatives; ; ; ; ; ; ; ; ; ; ; ; ; ; ; ; ; ; ;;;;;;
 ; ; ; ; ; ; ; ; ; ; ; ; ; ; ; ; ; ; ; ; ; ; ; ; ; ; ; ; ; ; ;Entretien et réparations; ; ; ; ; ; ; ; ; ; ; ; ; ; ; ; ; ; ;;;;;;
 ; ; ; ; ; ; ; ; ; ; ; ; ; ; ; ; ; ; ; ; ; ; ; ; ; ; ; ; ; ; ;Entretien et réparations; ; ; ; ; ; ; ; ; ; ; ; ; ; ; ; ; ; ;;;;;;
 ; ; ; ; ; ; ; ; ; ; ; ; ; ; ; ; ; ; ; ; ; ; ; ; ; ; ; ; ; ; ;Entretien et réparations; ; ; ; ; ; ; ; ; ; ; ; ; ; ; ; ; ; ;;;;;;
 ; ; ; ; ; ; ; ; ; ; ; ; ; ; ; ; ; ; ; ; ; ; ; ; ; ; ; ; ; ; ;Entretien et réparations; ; ; ; ; ; ; ; ; ; ; ; ; ; ; ; ; ; ;;;;;;
 ; ; ; ; ; ; ; ; ; ; ; ; ; ; ; ; ; ; ; ; ; ; ; ; ; ; ; ; ; ; ;Entretien et réparations; ; ; ; ; ; ; ; ; ; ; ; ; ; ; ; ; ; ;;;;;;
 ; ; ; ; ; ; ; ; ; ; ; ; ; ; ; ; ; ; ; ; ; ; ; ; ; ; ; ; ; ; ;Entretien et réparations; ; ; ; ; ; ; ; ; ; ; ; ; ; ; ; ; ; ;;;;;;
 ; ; ; ; ; ; ; ; ; ; ; ; ; ; ; ; ; ; ; ; ; ; ; ; ; ; ; ; ; ; ;Entretien et réparations; ; ; ; ; ; ; ; ; ; ; ; ; ; ; ; ; ; ;;;;;;
 ; ; ; ; ; ; ; ; ; ; ; ; ; ; ; ; ; ; ; ; ; ; ; ; ; ; ; ; ; ; ;Primes d'assurances; ; ; ; ; ; ; ; ; ; ; ; ; ; ; ; ; ; ;;;;;;
 ; ; ; ; ; ; ; ; ; ; ; ; ; ; ; ; ; ; ; ; ; ; ; ; ; ; ; ; ; ; ;Primes d'assurances; ; ; ; ; ; ; ; ; ; ; ; ; ; ; ; ; ; ;;;;;;
 ; ; ; ; ; ; ; ; ; ; ; ; ; ; ; ; ; ; ; ; ; ; ; ; ; ; ; ; ; ; ;Primes d'assurances; ; ; ; ; ; ; ; ; ; ; ; ; ; ; ; ; ; ;;;;;;
 ; ; ; ; ; ; ; ; ; ; ; ; ; ; ; ; ; ; ; ; ; ; ; ; ; ; ; ; ; ; ;Primes d'assurances; ; ; ; ; ; ; ; ; ; ; ; ; ; ; ; ; ; ;;;;;;
 ; ; ; ; ; ; ; ; ; ; ; ; ; ; ; ; ; ; ; ; ; ; ; ; ; ; ; ; ; ; ;Primes d'assurances; ; ; ; ; ; ; ; ; ; ; ; ; ; ; ; ; ; ;;;;;;
 ; ; ; ; ; ; ; ; ; ; ; ; ; ; ; ; ; ; ; ; ; ; ; ; ; ; ; ; ; ; ;Primes d'assurances; ; ; ; ; ; ; ; ; ; ; ; ; ; ; ; ; ; ;;;;;;
 ; ; ; ; ; ; ; ; ; ; ; ; ; ; ; ; ; ; ; ; ; ; ; ; ; ; ; ; ; ; ;Documentation générale; ; ; ; ; ; ; ; ; ; ; ; ; ; ; ; ; ; ;;;;;;
 ; ; ; ; ; ; ; ; ; ; ; ; ; ; ; ; ; ; ; ; ; ; ; ; ; ; ; ; ; ; ;Documentation technique; ; ; ; ; ; ; ; ; ; ; ; ; ; ; ; ; ; ;;;;;;
 ; ; ; ; ; ; ; ; ; ; ; ; ; ; ; ; ; ; ; ; ; ; ; ; ; ; ; ; ; ; ;Frais de colloques  séminaires  conférences; ; ; ; ; ; ; ; ; ; ; ; ; ; ; ; ; ; ;;;;;;
 ; ; ; ; ; ; ; ; ; ; ; ; ; ; ; ; ; ; ; ; ; ; ; ; ; ; ; ; ; ; ;Personnel extérieur à l'entreprise; ; ; ; ; ; ; ; ; ; ; ; ; ; ; ; ; ; ;;;;;;
 ; ; ; ; ; ; ; ; ; ; ; ; ; ; ; ; ; ; ; ; ; ; ; ; ; ; ; ; ; ; ;Personnel extérieur à l'entreprise; ; ; ; ; ; ; ; ; ; ; ; ; ; ; ; ; ; ;;;;;;
 ; ; ; ; ; ; ; ; ; ; ; ; ; ; ; ; ; ; ; ; ; ; ; ; ; ; ; ; ; ; ;Personnel extérieur à l'entreprise; ; ; ; ; ; ; ; ; ; ; ; ; ; ; ; ; ; ;;;;;;
 ; ; ; ; ; ; ; ; ; ; ; ; ; ; ; ; ; ; ; ; ; ; ; ; ; ; ; ; ; ; ;Honoraires; ; ; ; ; ; ; ; ; ; ; ; ; ; ; ; ; ; ;;;;;;
 ; ; ; ; ; ; ; ; ; ; ; ; ; ; ; ; ; ; ; ; ; ; ; ; ; ; ; ; ; ; ;Commissions et courtages sur ventes; ; ; ; ; ; ; ; ; ; ; ; ; ; ; ; ; ; ;;;;;;
 ; ; ; ; ; ; ; ; ; ; ; ; ; ; ; ; ; ; ; ; ; ; ; ; ; ; ; ; ; ; ;Commissions et courtages sur ventes; ; ; ; ; ; ; ; ; ; ; ; ; ; ; ; ; ; ;;;;;;
 ; ; ; ; ; ; ; ; ; ; ; ; ; ; ; ; ; ; ; ; ; ; ; ; ; ; ; ; ; ; ;Rémunérations des transitaires; ; ; ; ; ; ; ; ; ; ; ; ; ; ; ; ; ; ;;;;;;
 ; ; ; ; ; ; ; ; ; ; ; ; ; ; ; ; ; ; ; ; ; ; ; ; ; ; ; ; ; ; ;Rémunérations d'affacturage; ; ; ; ; ; ; ; ; ; ; ; ; ; ; ; ; ; ;;;;;;
 ; ; ; ; ; ; ; ; ; ; ; ; ; ; ; ; ; ; ; ; ; ; ; ; ; ; ; ; ; ; ;Honoraires; ; ; ; ; ; ; ; ; ; ; ; ; ; ; ; ; ; ;;;;;;
 ; ; ; ; ; ; ; ; ; ; ; ; ; ; ; ; ; ; ; ; ; ; ; ; ; ; ; ; ; ; ;Honoraires; ; ; ; ; ; ; ; ; ; ; ; ; ; ; ; ; ; ;;;;;;
 ; ; ; ; ; ; ; ; ; ; ; ; ; ; ; ; ; ; ; ; ; ; ; ; ; ; ; ; ; ; ;Honoraires; ; ; ; ; ; ; ; ; ; ; ; ; ; ; ; ; ; ;;;;;;
 ; ; ; ; ; ; ; ; ; ; ; ; ; ; ; ; ; ; ; ; ; ; ; ; ; ; ; ; ; ; ;Publicité  publications  relations publiques; ; ; ; ; ; ; ; ; ; ; ; ; ; ; ; ; ; ;;;;;;
 ; ; ; ; ; ; ; ; ; ; ; ; ; ; ; ; ; ; ; ; ; ; ; ; ; ; ; ; ; ; ;Publicité  publications  relations publiques; ; ; ; ; ; ; ; ; ; ; ; ; ; ; ; ; ; ;;;;;;
 ; ; ; ; ; ; ; ; ; ; ; ; ; ; ; ; ; ; ; ; ; ; ; ; ; ; ; ; ; ; ;Publicité  publications  relations publiques; ; ; ; ; ; ; ; ; ; ; ; ; ; ; ; ; ; ;;;;;;
 ; ; ; ; ; ; ; ; ; ; ; ; ; ; ; ; ; ; ; ; ; ; ; ; ; ; ; ; ; ; ;Publicité  publications  relations publiques; ; ; ; ; ; ; ; ; ; ; ; ; ; ; ; ; ; ;;;;;;
 ; ; ; ; ; ; ; ; ; ; ; ; ; ; ; ; ; ; ; ; ; ; ; ; ; ; ; ; ; ; ;Publicité  publications  relations publiques; ; ; ; ; ; ; ; ; ; ; ; ; ; ; ; ; ; ;;;;;;
 ; ; ; ; ; ; ; ; ; ; ; ; ; ; ; ; ; ; ; ; ; ; ; ; ; ; ; ; ; ; ;Publicité  publications  relations publiques; ; ; ; ; ; ; ; ; ; ; ; ; ; ; ; ; ; ;;;;;;
 ; ; ; ; ; ; ; ; ; ; ; ; ; ; ; ; ; ; ; ; ; ; ; ; ; ; ; ; ; ; ;Publicité  publications  relations publiques; ; ; ; ; ; ; ; ; ; ; ; ; ; ; ; ; ; ;;;;;;
 ; ; ; ; ; ; ; ; ; ; ; ; ; ; ; ; ; ; ; ; ; ; ; ; ; ; ; ; ; ; ;Publicité  publications  relations publiques; ; ; ; ; ; ; ; ; ; ; ; ; ; ; ; ; ; ;;;;;;
 ; ; ; ; ; ; ; ; ; ; ; ; ; ; ; ; ; ; ; ; ; ; ; ; ; ; ; ; ; ; ;Publicité  publications  relations publiques; ; ; ; ; ; ; ; ; ; ; ; ; ; ; ; ; ; ;;;;;;
 ; ; ; ; ; ; ; ; ; ; ; ; ; ; ; ; ; ; ; ; ; ; ; ; ; ; ; ; ; ; ;Transports de biens; ; ; ; ; ; ; ; ; ; ; ; ; ; ; ; ; ; ;;;;;;
 ; ; ; ; ; ; ; ; ; ; ; ; ; ; ; ; ; ; ; ; ; ; ; ; ; ; ; ; ; ; ;Transports de biens; ; ; ; ; ; ; ; ; ; ; ; ; ; ; ; ; ; ;;;;;;
 ; ; ; ; ; ; ; ; ; ; ; ; ; ; ; ; ; ; ; ; ; ; ; ; ; ; ; ; ; ; ;Transports entre établissements ou chantiers; ; ; ; ; ; ; ; ; ; ; ; ; ; ; ; ; ; ;;;;;;
 ; ; ; ; ; ; ; ; ; ; ; ; ; ; ; ; ; ; ; ; ; ; ; ; ; ; ; ; ; ; ;Transports administratifs; ; ; ; ; ; ; ; ; ; ; ; ; ; ; ; ; ; ;;;;;;
 ; ; ; ; ; ; ; ; ; ; ; ; ; ; ; ; ; ; ; ; ; ; ; ; ; ; ; ; ; ; ;Transports collectifs du personnel; ; ; ; ; ; ; ; ; ; ; ; ; ; ; ; ; ; ;;;;;;
 ; ; ; ; ; ; ; ; ; ; ; ; ; ; ; ; ; ; ; ; ; ; ; ; ; ; ; ; ; ; ;Divers; ; ; ; ; ; ; ; ; ; ; ; ; ; ; ; ; ; ;;;;;;
 ; ; ; ; ; ; ; ; ; ; ; ; ; ; ; ; ; ; ; ; ; ; ; ; ; ; ; ; ; ; ;Déplacements  missions et réceptions; ; ; ; ; ; ; ; ; ; ; ; ; ; ; ; ; ; ;;;;;;
 ; ; ; ; ; ; ; ; ; ; ; ; ; ; ; ; ; ; ; ; ; ; ; ; ; ; ; ; ; ; ;Déplacements  missions et réceptions; ; ; ; ; ; ; ; ; ; ; ; ; ; ; ; ; ; ;;;;;;
 ; ; ; ; ; ; ; ; ; ; ; ; ; ; ; ; ; ; ; ; ; ; ; ; ; ; ; ; ; ; ;Déplacements  missions et réceptions; ; ; ; ; ; ; ; ; ; ; ; ; ; ; ; ; ; ;;;;;;
 ; ; ; ; ; ; ; ; ; ; ; ; ; ; ; ; ; ; ; ; ; ; ; ; ; ; ; ; ; ; ;Déplacements  missions et réceptions; ; ; ; ; ; ; ; ; ; ; ; ; ; ; ; ; ; ;;;;;;
 ; ; ; ; ; ; ; ; ; ; ; ; ; ; ; ; ; ; ; ; ; ; ; ; ; ; ; ; ; ; ;Frais postaux et de télécommunications; ; ; ; ; ; ; ; ; ; ; ; ; ; ; ; ; ; ;;;;;;
 ; ; ; ; ; ; ; ; ; ; ; ; ; ; ; ; ; ; ; ; ; ; ; ; ; ; ; ; ; ; ;Frais postaux et de télécommunications; ; ; ; ; ; ; ; ; ; ; ; ; ; ; ; ; ; ;;;;;;
 ; ; ; ; ; ; ; ; ; ; ; ; ; ; ; ; ; ; ; ; ; ; ; ; ; ; ; ; ; ; ;Frais postaux et de télécommunications; ; ; ; ; ; ; ; ; ; ; ; ; ; ; ; ; ; ;;;;;;
 ; ; ; ; ; ; ; ; ; ; ; ; ; ; ; ; ; ; ; ; ; ; ; ; ; ; ; ; ; ; ;Frais postaux et de télécommunications; ; ; ; ; ; ; ; ; ; ; ; ; ; ; ; ; ; ;;;;;;
 ; ; ; ; ; ; ; ; ; ; ; ; ; ; ; ; ; ; ; ; ; ; ; ; ; ; ; ; ; ; ;Frais postaux et de télécommunications; ; ; ; ; ; ; ; ; ; ; ; ; ; ; ; ; ; ;;;;;;
 ; ; ; ; ; ; ; ; ; ; ; ; ; ; ; ; ; ; ; ; ; ; ; ; ; ; ; ; ; ; ;Services bancaires et assimilés; ; ; ; ; ; ; ; ; ; ; ; ; ; ; ; ; ; ;;;;;;
 ; ; ; ; ; ; ; ; ; ; ; ; ; ; ; ; ; ; ; ; ; ; ; ; ; ; ; ; ; ; ;Services bancaires et assimilés; ; ; ; ; ; ; ; ; ; ; ; ; ; ; ; ; ; ;;;;;;
 ; ; ; ; ; ; ; ; ; ; ; ; ; ; ; ; ; ; ; ; ; ; ; ; ; ; ; ; ; ; ;Services bancaires et assimilés; ; ; ; ; ; ; ; ; ; ; ; ; ; ; ; ; ; ;;;;;;
 ; ; ; ; ; ; ; ; ; ; ; ; ; ; ; ; ; ; ; ; ; ; ; ; ; ; ; ; ; ; ;Services bancaires et assimilés; ; ; ; ; ; ; ; ; ; ; ; ; ; ; ; ; ; ;;;;;;
 ; ; ; ; ; ; ; ; ; ; ; ; ; ; ; ; ; ; ; ; ; ; ; ; ; ; ; ; ; ; ;Services bancaires et assimilés; ; ; ; ; ; ; ; ; ; ; ; ; ; ; ; ; ; ;;;;;;
 ; ; ; ; ; ; ; ; ; ; ; ; ; ; ; ; ; ; ; ; ; ; ; ; ; ; ; ; ; ; ;Services bancaires et assimilés; ; ; ; ; ; ; ; ; ; ; ; ; ; ; ; ; ; ;;;;;;
 ; ; ; ; ; ; ; ; ; ; ; ; ; ; ; ; ; ; ; ; ; ; ; ; ; ; ; ; ; ; ;Cotisations diverses; ; ; ; ; ; ; ; ; ; ; ; ; ; ; ; ; ; ;;;;;;
 ; ; ; ; ; ; ; ; ; ; ; ; ; ; ; ; ; ; ; ; ; ; ; ; ; ; ; ; ; ; ;Cotisations diverses; ; ; ; ; ; ; ; ; ; ; ; ; ; ; ; ; ; ;;;;;;
 ; ; ; ; ; ; ; ; ; ; ; ; ; ; ; ; ; ; ; ; ; ; ; ; ; ; ; ; ; ; ;Cotisations diverses; ; ; ; ; ; ; ; ; ; ; ; ; ; ; ; ; ; ;;;;;;
 ; ; ; ; ; ; ; ; ; ; ; ; ; ; ; ; ; ; ; ; ; ; ; ; ; ; ; ; ; ; ;Frais de recrutement de personnel; ; ; ; ; ; ; ; ; ; ; ; ; ; ; ; ; ; ;;;;;;
 ; ; ; ; ; ; ; ; ; ; ; ; ; ; ; ; ; ; ; ; ; ; ; ; ; ; ; ; ; ; ;Taxe d'apprentissage et formation professionnelle; ; ; ; ; ; ; ; ; ; ; ; ; ; ; ; ; ; ;;;;;;
 ; ; ; ; ; ; ; ; ; ; ; ; ; ; ; ; ; ; ; ; ; ; ; ; ; ; ; ; ; ; ;Taxe d'apprentissage et formation professionnelle; ; ; ; ; ; ; ; ; ; ; ; ; ; ; ; ; ; ;;;;;;
 ; ; ; ; ; ; ; ; ; ; ; ; ; ; ; ; ; ; ; ; ; ; ; ; ; ; ; ; ; ; ;Taxe d'apprentissage et formation professionnelle; ; ; ; ; ; ; ; ; ; ; ; ; ; ; ; ; ; ;;;;;;
 ; ; ; ; ; ; ; ; ; ; ; ; ; ; ; ; ; ; ; ; ; ; ; ; ; ; ; ; ; ; ;Taxe d'apprentissage et formation professionnelle; ; ; ; ; ; ; ; ; ; ; ; ; ; ; ; ; ; ;;;;;;
 ; ; ; ; ; ; ; ; ; ; ; ; ; ; ; ; ; ; ; ; ; ; ; ; ; ; ; ; ; ; ;Taxe d'apprentissage et formation professionnelle; ; ; ; ; ; ; ; ; ; ; ; ; ; ; ; ; ; ;;;;;;
 ; ; ; ; ; ; ; ; ; ; ; ; ; ; ; ; ; ; ; ; ; ; ; ; ; ; ; ; ; ; ;Versement de transport; ; ; ; ; ; ; ; ; ; ; ; ; ; ; ; ; ; ;;;;;;
 ; ; ; ; ; ; ; ; ; ; ; ; ; ; ; ; ; ; ; ; ; ; ; ; ; ; ; ; ; ; ;Allocations logement; ; ; ; ; ; ; ; ; ; ; ; ; ; ; ; ; ; ;;;;;;
 ; ; ; ; ; ; ; ; ; ; ; ; ; ; ; ; ; ; ; ; ; ; ; ; ; ; ; ; ; ; ;Taxe d'apprentissage et formation professionnelle; ; ; ; ; ; ; ; ; ; ; ; ; ; ; ; ; ; ;;;;;;
 ; ; ; ; ; ; ; ; ; ; ; ; ; ; ; ; ; ; ; ; ; ; ; ; ; ; ; ; ; ; ;Participation des employeurs à l'effort de construction; ; ; ; ; ; ; ; ; ; ; ; ; ; ; ; ; ; ;;;;;;
 ; ; ; ; ; ; ; ; ; ; ; ; ; ; ; ; ; ; ; ; ; ; ; ; ; ; ; ; ; ; ;Taxe d'apprentissage et formation professionnelle; ; ; ; ; ; ; ; ; ; ; ; ; ; ; ; ; ; ;;;;;;
 ; ; ; ; ; ; ; ; ; ; ; ; ; ; ; ; ; ; ; ; ; ; ; ; ; ; ; ; ; ; ;Autres; ; ; ; ; ; ; ; ; ; ; ; ; ; ; ; ; ; ;;;;;;
 ; ; ; ; ; ; ; ; ; ; ; ; ; ; ; ; ; ; ; ; ; ; ; ; ; ; ; ; ; ; ;Autres impôts & taxes; ; ; ; ; ; ; ; ; ; ; ; ; ; ; ; ; ; ;;;;;;
 ; ; ; ; ; ; ; ; ; ; ; ; ; ; ; ; ; ; ; ; ; ; ; ; ; ; ; ; ; ; ;Autres impôts & taxes; ; ; ; ; ; ; ; ; ; ; ; ; ; ; ; ; ; ;;;;;;
 ; ; ; ; ; ; ; ; ; ; ; ; ; ; ; ; ; ; ; ; ; ; ; ; ; ; ; ; ; ; ;Autres impôts & taxes; ; ; ; ; ; ; ; ; ; ; ; ; ; ; ; ; ; ;;;;;;
 ; ; ; ; ; ; ; ; ; ; ; ; ; ; ; ; ; ; ; ; ; ; ; ; ; ; ; ; ; ; ;Autres impôts & taxes; ; ; ; ; ; ; ; ; ; ; ; ; ; ; ; ; ; ;;;;;;
 ; ; ; ; ; ; ; ; ; ; ; ; ; ; ; ; ; ; ; ; ; ; ; ; ; ; ; ; ; ; ;Autres impôts & taxes; ; ; ; ; ; ; ; ; ; ; ; ; ; ; ; ; ; ;;;;;;
 ; ; ; ; ; ; ; ; ; ; ; ; ; ; ; ; ; ; ; ; ; ; ; ; ; ; ; ; ; ; ;Contribution sociale de solidarité à la charge des sociétés; ; ; ; ; ; ; ; ; ; ; ; ; ; ; ; ; ; ;;;;;;
 ; ; ; ; ; ; ; ; ; ; ; ; ; ; ; ; ; ; ; ; ; ; ; ; ; ; ; ; ; ; ;Taxes perçues par les organismes publics internationaux; ; ; ; ; ; ; ; ; ; ; ; ; ; ; ; ; ; ;;;;;;
 ; ; ; ; ; ; ; ; ; ; ; ; ; ; ; ; ; ; ; ; ; ; ; ; ; ; ; ; ; ; ;Impôts et taxes exigibles à l'Étranger; ; ; ; ; ; ; ; ; ; ; ; ; ; ; ; ; ; ;;;;;;
 ; ; ; ; ; ; ; ; ; ; ; ; ; ; ; ; ; ; ; ; ; ; ; ; ; ; ; ; ; ; ;Taxes diverses; ; ; ; ; ; ; ; ; ; ; ; ; ; ; ; ; ; ;;;;;;
 ; ; ; ; ; ; ; ; ; ; ; ; ; ; ; ; ; ; ; ; ; ; ; ; ; ; ; ; ; ; ;Salaires  appointements; ; ; ; ; ; ; ; ; ; ; ; ; ; ; ; ; ; ;;;;;;
 ; ; ; ; ; ; ; ; ; ; ; ; ; ; ; ; ; ; ; ; ; ; ; ; ; ; ; ; ; ; ;Congés payés; ; ; ; ; ; ; ; ; ; ; ; ; ; ; ; ; ; ;;;;;;
 ; ; ; ; ; ; ; ; ; ; ; ; ; ; ; ; ; ; ; ; ; ; ; ; ; ; ; ; ; ; ;Primes et gratifications; ; ; ; ; ; ; ; ; ; ; ; ; ; ; ; ; ; ;;;;;;
 ; ; ; ; ; ; ; ; ; ; ; ; ; ; ; ; ; ; ; ; ; ; ; ; ; ; ; ; ; ; ;Indemnités et avantages divers; ; ; ; ; ; ; ; ; ; ; ; ; ; ; ; ; ; ;;;;;;
 ; ; ; ; ; ; ; ; ; ; ; ; ; ; ; ; ; ; ; ; ; ; ; ; ; ; ; ; ; ; ;Supplément familial; ; ; ; ; ; ; ; ; ; ; ; ; ; ; ; ; ; ;;;;;;
 ; ; ; ; ; ; ; ; ; ; ; ; ; ; ; ; ; ; ; ; ; ; ; ; ; ; ; ; ; ; ;Rémunération du travail de l'exploitant; ; ; ; ; ; ; ; ; ; ; ; ; ; ; ; ; ; ;;;;;;
 ; ; ; ; ; ; ; ; ; ; ; ; ; ; ; ; ; ; ; ; ; ; ; ; ; ; ; ; ; ; ;Rémunération du travail de l'exploitant; ; ; ; ; ; ; ; ; ; ; ; ; ; ; ; ; ; ;;;;;;
 ; ; ; ; ; ; ; ; ; ; ; ; ; ; ; ; ; ; ; ; ; ; ; ; ; ; ; ; ; ; ;Cotisations à l'URSSAF; ; ; ; ; ; ; ; ; ; ; ; ; ; ; ; ; ; ;;;;;;
 ; ; ; ; ; ; ; ; ; ; ; ; ; ; ; ; ; ; ; ; ; ; ; ; ; ; ; ; ; ; ;Cotisations aux mutuelles; ; ; ; ; ; ; ; ; ; ; ; ; ; ; ; ; ; ;;;;;;
 ; ; ; ; ; ; ; ; ; ; ; ; ; ; ; ; ; ; ; ; ; ; ; ; ; ; ; ; ; ; ;Cotisations aux caisses de retraites; ; ; ; ; ; ; ; ; ; ; ; ; ; ; ; ; ; ;;;;;;
 ; ; ; ; ; ; ; ; ; ; ; ; ; ; ; ; ; ; ; ; ; ; ; ; ; ; ; ; ; ; ;Cotisations aux ASSEDIC; ; ; ; ; ; ; ; ; ; ; ; ; ; ; ; ; ; ;;;;;;
 ; ; ; ; ; ; ; ; ; ; ; ; ; ; ; ; ; ; ; ; ; ; ; ; ; ; ; ; ; ; ;Cotisations aux autres organismes sociaux; ; ; ; ; ; ; ; ; ; ; ; ; ; ; ; ; ; ;;;;;;
 ; ; ; ; ; ; ; ; ; ; ; ; ; ; ; ; ; ; ; ; ; ; ; ; ; ; ; ; ; ; ;Cotisations sociales personnelles de l'exploitant; ; ; ; ; ; ; ; ; ; ; ; ; ; ; ; ; ; ;;;;;;
 ; ; ; ; ; ; ; ; ; ; ; ; ; ; ; ; ; ; ; ; ; ; ; ; ; ; ; ; ; ; ;Cotisations sociales personnelles de l'exploitant; ; ; ; ; ; ; ; ; ; ; ; ; ; ; ; ; ; ;;;;;;
 ; ; ; ; ; ; ; ; ; ; ; ; ; ; ; ; ; ; ; ; ; ; ; ; ; ; ; ; ; ; ;Prestations directes; ; ; ; ; ; ; ; ; ; ; ; ; ; ; ; ; ; ;;;;;;
 ; ; ; ; ; ; ; ; ; ; ; ; ; ; ; ; ; ; ; ; ; ; ; ; ; ; ; ; ; ; ;Versements aux comités d'entreprise et d'établissement; ; ; ; ; ; ; ; ; ; ; ; ; ; ; ; ; ; ;;;;;;
 ; ; ; ; ; ; ; ; ; ; ; ; ; ; ; ; ; ; ; ; ; ; ; ; ; ; ; ; ; ; ;Versements aux comités d'hygiène et de sécurité; ; ; ; ; ; ; ; ; ; ; ; ; ; ; ; ; ; ;;;;;;
 ; ; ; ; ; ; ; ; ; ; ; ; ; ; ; ; ; ; ; ; ; ; ; ; ; ; ; ; ; ; ;Versements aux autres œuvres sociales; ; ; ; ; ; ; ; ; ; ; ; ; ; ; ; ; ; ;;;;;;
 ; ; ; ; ; ; ; ; ; ; ; ; ; ; ; ; ; ; ; ; ; ; ; ; ; ; ; ; ; ; ;Médecine du travail  pharmacie; ; ; ; ; ; ; ; ; ; ; ; ; ; ; ; ; ; ;;;;;;
 ; ; ; ; ; ; ; ; ; ; ; ; ; ; ; ; ; ; ; ; ; ; ; ; ; ; ; ; ; ; ;Autres charges de personnel; ; ; ; ; ; ; ; ; ; ; ; ; ; ; ; ; ; ;;;;;;
 ; ; ; ; ; ; ; ; ; ; ; ; ; ; ; ; ; ; ; ; ; ; ; ; ; ; ; ; ; ; ;Autres charges de personnel; ; ; ; ; ; ; ; ; ; ; ; ; ; ; ; ; ; ;;;;;;
 ; ; ; ; ; ; ; ; ; ; ; ; ; ; ; ; ; ; ; ; ; ; ; ; ; ; ; ; ; ; ;Royalties; ; ; ; ; ; ; ; ; ; ; ; ; ; ; ; ; ; ;;;;;;
 ; ; ; ; ; ; ; ; ; ; ; ; ; ; ; ; ; ; ; ; ; ; ; ; ; ; ; ; ; ; ;Royalties; ; ; ; ; ; ; ; ; ; ; ; ; ; ; ; ; ; ;;;;;;
 ; ; ; ; ; ; ; ; ; ; ; ; ; ; ; ; ; ; ; ; ; ; ; ; ; ; ; ; ; ; ;Royalties; ; ; ; ; ; ; ; ; ; ; ; ; ; ; ; ; ; ;;;;;;
 ; ; ; ; ; ; ; ; ; ; ; ; ; ; ; ; ; ; ; ; ; ; ; ; ; ; ; ; ; ; ;Royalties; ; ; ; ; ; ; ; ; ; ; ; ; ; ; ; ; ; ;;;;;;
 ; ; ; ; ; ; ; ; ; ; ; ; ; ; ; ; ; ; ; ; ; ; ; ; ; ; ; ; ; ; ;Droits d'auteur et de reproduction; ; ; ; ; ; ; ; ; ; ; ; ; ; ; ; ; ; ;;;;;;
 ; ; ; ; ; ; ; ; ; ; ; ; ; ; ; ; ; ; ; ; ; ; ; ; ; ; ; ; ; ; ;Autres redevances; ; ; ; ; ; ; ; ; ; ; ; ; ; ; ; ; ; ;;;;;;
 ; ; ; ; ; ; ; ; ; ; ; ; ; ; ; ; ; ; ; ; ; ; ; ; ; ; ; ; ; ; ;Créances de l'exercice; ; ; ; ; ; ; ; ; ; ; ; ; ; ; ; ; ; ;;;;;;
 ; ; ; ; ; ; ; ; ; ; ; ; ; ; ; ; ; ; ; ; ; ; ; ; ; ; ; ; ; ; ;Créances des exercices antérieurs; ; ; ; ; ; ; ; ; ; ; ; ; ; ; ; ; ; ;;;;;;
 ; ; ; ; ; ; ; ; ; ; ; ; ; ; ; ; ; ; ; ; ; ; ; ; ; ; ; ; ; ; ;Quote - part de bénéfice transférée (comptabilité du gérant); ; ; ; ; ; ; ; ; ; ; ; ; ; ; ; ; ; ;;;;;;
 ; ; ; ; ; ; ; ; ; ; ; ; ; ; ; ; ; ; ; ; ; ; ; ; ; ; ; ; ; ; ;Quote - part de perte supportée (comptabilité des associés non gérants); ; ; ; ; ; ; ; ; ; ; ; ; ; ; ; ; ; ;;;;;;
 ; ; ; ; ; ; ; ; ; ; ; ; ; ; ; ; ; ; ; ; ; ; ; ; ; ; ; ; ; ; ;Charges diverses de gestion courante; ; ; ; ; ; ; ; ; ; ; ; ; ; ; ; ; ; ;;;;;;
 ; ; ; ; ; ; ; ; ; ; ; ; ; ; ; ; ; ; ; ; ; ; ; ; ; ; ; ; ; ; ;Charges diverses de gestion courante; ; ; ; ; ; ; ; ; ; ; ; ; ; ; ; ; ; ;;;;;;
 ; ; ; ; ; ; ; ; ; ; ; ; ; ; ; ; ; ; ; ; ; ; ; ; ; ; ; ; ; ; ;Intérêts des emprunts et comptes courants débiteurs; ; ; ; ; ; ; ; ; ; ; ; ; ; ; ; ; ; ;;;;;;
 ; ; ; ; ; ; ; ; ; ; ; ; ; ; ; ; ; ; ; ; ; ; ; ; ; ; ; ; ; ; ;Charges de la fiducie  résultat de la période; ; ; ; ; ; ; ; ; ; ; ; ; ; ; ; ; ; ;;;;;;
 ; ; ; ; ; ; ; ; ; ; ; ; ; ; ; ; ; ; ; ; ; ; ; ; ; ; ; ; ; ; ;Intérêts des emprunts et comptes courants débiteurs; ; ; ; ; ; ; ; ; ; ; ; ; ; ; ; ; ; ;;;;;;
 ; ; ; ; ; ; ; ; ; ; ; ; ; ; ; ; ; ; ; ; ; ; ; ; ; ; ; ; ; ; ;Intérêts des emprunts et comptes courants débiteurs; ; ; ; ; ; ; ; ; ; ; ; ; ; ; ; ; ; ;;;;;;
 ; ; ; ; ; ; ; ; ; ; ; ; ; ; ; ; ; ; ; ; ; ; ; ; ; ; ; ; ; ; ;Intérêts des obligations cautionnées; ; ; ; ; ; ; ; ; ; ; ; ; ; ; ; ; ; ;;;;;;
 ; ; ; ; ; ; ; ; ; ; ; ; ; ; ; ; ; ; ; ; ; ; ; ; ; ; ; ; ; ; ;Intérêts des autres dettes; ; ; ; ; ; ; ; ; ; ; ; ; ; ; ; ; ; ;;;;;;
 ; ; ; ; ; ; ; ; ; ; ; ; ; ; ; ; ; ; ; ; ; ; ; ; ; ; ; ; ; ; ;Charges nettes sur cessions de jetons (3); ; ; ; ; ; ; ; ; ; ; ; ; ; ; ; ; ; ;;;;;;
 ; ; ; ; ; ; ; ; ; ; ; ; ; ; ; ; ; ; ; ; ; ; ; ; ; ; ; ; ; ; ;Charges exceptionnelles sur opérations de gestion; ; ; ; ; ; ; ; ; ; ; ; ; ; ; ; ; ; ;;;;;;
 ; ; ; ; ; ; ; ; ; ; ; ; ; ; ; ; ; ; ; ; ; ; ; ; ; ; ; ; ; ; ;Charges exceptionnelles sur opérations de gestion; ; ; ; ; ; ; ; ; ; ; ; ; ; ; ; ; ; ;;;;;;
 ; ; ; ; ; ; ; ; ; ; ; ; ; ; ; ; ; ; ; ; ; ; ; ; ; ; ; ; ; ; ;Charges exceptionnelles sur opérations de gestion; ; ; ; ; ; ; ; ; ; ; ; ; ; ; ; ; ; ;;;;;;
 ; ; ; ; ; ; ; ; ; ; ; ; ; ; ; ; ; ; ; ; ; ; ; ; ; ; ; ; ; ; ;Charges exceptionnelles sur opérations de gestion; ; ; ; ; ; ; ; ; ; ; ; ; ; ; ; ; ; ;;;;;;
 ; ; ; ; ; ; ; ; ; ; ; ; ; ; ; ; ; ; ; ; ; ; ; ; ; ; ; ; ; ; ;Charges exceptionnelles sur opérations de gestion; ; ; ; ; ; ; ; ; ; ; ; ; ; ; ; ; ; ;;;;;;
 ; ; ; ; ; ; ; ; ; ; ; ; ; ; ; ; ; ; ; ; ; ; ; ; ; ; ; ; ; ; ;Charges exceptionnelles sur opérations de gestion; ; ; ; ; ; ; ; ; ; ; ; ; ; ; ; ; ; ;;;;;;
 ; ; ; ; ; ; ; ; ; ; ; ; ; ; ; ; ; ; ; ; ; ; ; ; ; ; ; ; ; ; ;Charges exceptionnelles sur opérations de gestion; ; ; ; ; ; ; ; ; ; ; ; ; ; ; ; ; ; ;;;;;;
 ; ; ; ; ; ; ; ; ; ; ; ; ; ; ; ; ; ; ; ; ; ; ; ; ; ; ; ; ; ; ;Charges exceptionnelles sur opérations de gestion; ; ; ; ; ; ; ; ; ; ; ; ; ; ; ; ; ; ;;;;;;
 ; ; ; ; ; ; ; ; ; ; ; ; ; ; ; ; ; ; ; ; ; ; ; ; ; ; ; ; ; ; ;Charges sur exercices antérieurs; ; ; ; ; ; ; ; ; ; ; ; ; ; ; ; ; ; ;;;;;;
 ; ; ; ; ; ; ; ; ; ; ; ; ; ; ; ; ; ; ; ; ; ; ; ; ; ; ; ; ; ; ;Opérations liées à la constitution de la fiducie - transfert des éléments; ; ; ; ; ; ; ; ; ; ; ; ; ; ; ; ; ; ;;;;;;
 ; ; ; ; ; ; ; ; ; ; ; ; ; ; ; ; ; ; ; ; ; ; ; ; ; ; ; ; ; ; ;Opérations liées à la liquidation de la fiducie; ; ; ; ; ; ; ; ; ; ; ; ; ; ; ; ; ; ;;;;;;
 ; ; ; ; ; ; ; ; ; ; ; ; ; ; ; ; ; ; ; ; ; ; ; ; ; ; ; ; ; ; ;Immobilisations incorporelles; ; ; ; ; ; ; ; ; ; ; ; ; ; ; ; ; ; ;;;;;;
 ; ; ; ; ; ; ; ; ; ; ; ; ; ; ; ; ; ; ; ; ; ; ; ; ; ; ; ; ; ; ;Immobilisations corporelles; ; ; ; ; ; ; ; ; ; ; ; ; ; ; ; ; ; ;;;;;;
 ; ; ; ; ; ; ; ; ; ; ; ; ; ; ; ; ; ; ; ; ; ; ; ; ; ; ; ; ; ; ;Immobilisations financières; ; ; ; ; ; ; ; ; ; ; ; ; ; ; ; ; ; ;;;;;;
 ; ; ; ; ; ; ; ; ; ; ; ; ; ; ; ; ; ; ; ; ; ; ; ; ; ; ; ; ; ; ;Autres éléments d'actif; ; ; ; ; ; ; ; ; ; ; ; ; ; ; ; ; ; ;;;;;;
 ; ; ; ; ; ; ; ; ; ; ; ; ; ; ; ; ; ; ; ; ; ; ; ; ; ; ; ; ; ; ;Malis provenant de clauses d'indexation; ; ; ; ; ; ; ; ; ; ; ; ; ; ; ; ; ; ;;;;;;
 ; ; ; ; ; ; ; ; ; ; ; ; ; ; ; ; ; ; ; ; ; ; ; ; ; ; ; ; ; ; ;Lots; ; ; ; ; ; ; ; ; ; ; ; ; ; ; ; ; ; ;;;;;;
 ; ; ; ; ; ; ; ; ; ; ; ; ; ; ; ; ; ; ; ; ; ; ; ; ; ; ; ; ; ; ;Malis provenant du rachat par l'entreprise d'actions et obligations émises par elle-même; ; ; ; ; ; ; ; ; ; ; ; ; ; ; ; ; ; ;;;;;;
 ; ; ; ; ; ; ; ; ; ; ; ; ; ; ; ; ; ; ; ; ; ; ; ; ; ; ; ; ; ; ;Charges exceptionnelles diverses; ; ; ; ; ; ; ; ; ; ; ; ; ; ; ; ; ; ;;;;;;
 ; ; ; ; ; ; ; ; ; ; ; ; ; ; ; ; ; ; ; ; ; ; ; ; ; ; ; ; ; ; ;Dotations aux amortissements sur immobilisations incorporelles et corporelles; ; ; ; ; ; ; ; ; ; ; ; ; ; ; ; ; ; ;;;;;;
 ; ; ; ; ; ; ; ; ; ; ; ; ; ; ; ; ; ; ; ; ; ; ; ; ; ; ; ; ; ; ;Dotations aux amortissements des charges d'exploitation à répartir; ; ; ; ; ; ; ; ; ; ; ; ; ; ; ; ; ; ;;;;;;
 ; ; ; ; ; ; ; ; ; ; ; ; ; ; ; ; ; ; ; ; ; ; ; ; ; ; ; ; ; ; ;Dotations aux provisions d'exploitation; ; ; ; ; ; ; ; ; ; ; ; ; ; ; ; ; ; ;;;;;;
 ; ; ; ; ; ; ; ; ; ; ; ; ; ; ; ; ; ; ; ; ; ; ; ; ; ; ; ; ; ; ;Dotations aux dépréciations des immobilisations incorporelles et corporelles; ; ; ; ; ; ; ; ; ; ; ; ; ; ; ; ; ; ;;;;;;
 ; ; ; ; ; ; ; ; ; ; ; ; ; ; ; ; ; ; ; ; ; ; ; ; ; ; ; ; ; ; ;Dotations aux dépréciations des actifs circulants; ; ; ; ; ; ; ; ; ; ; ; ; ; ; ; ; ; ;;;;;;
 ; ; ; ; ; ; ; ; ; ; ; ; ; ; ; ; ; ; ; ; ; ; ; ; ; ; ; ; ; ; ;Dotations aux amortissements des primes de remboursement des obligations; ; ; ; ; ; ; ; ; ; ; ; ; ; ; ; ; ; ;;;;;;
 ; ; ; ; ; ; ; ; ; ; ; ; ; ; ; ; ; ; ; ; ; ; ; ; ; ; ; ; ; ; ;Dotations aux provisions financières; ; ; ; ; ; ; ; ; ; ; ; ; ; ; ; ; ; ;;;;;;
 ; ; ; ; ; ; ; ; ; ; ; ; ; ; ; ; ; ; ; ; ; ; ; ; ; ; ; ; ; ; ;Dotations aux dépréciations des éléments financiers; ; ; ; ; ; ; ; ; ; ; ; ; ; ; ; ; ; ;;;;;;
 ; ; ; ; ; ; ; ; ; ; ; ; ; ; ; ; ; ; ; ; ; ; ; ; ; ; ; ; ; ; ;Autres dotations; ; ; ; ; ; ; ; ; ; ; ; ; ; ; ; ; ; ;;;;;;
 ; ; ; ; ; ; ; ; ; ; ; ; ; ; ; ; ; ; ; ; ; ; ; ; ; ; ; ; ; ; ;Dotations aux amortissements exceptionnels des immobilisations; ; ; ; ; ; ; ; ; ; ; ; ; ; ; ; ; ; ;;;;;;
 ; ; ; ; ; ; ; ; ; ; ; ; ; ; ; ; ; ; ; ; ; ; ; ; ; ; ; ; ; ; ;Dotations aux provisions réglementées (immobilisations); ; ; ; ; ; ; ; ; ; ; ; ; ; ; ; ; ; ;;;;;;
 ; ; ; ; ; ; ; ; ; ; ; ; ; ; ; ; ; ; ; ; ; ; ; ; ; ; ; ; ; ; ;Dotations aux provisions réglementées (stocks); ; ; ; ; ; ; ; ; ; ; ; ; ; ; ; ; ; ;;;;;;
 ; ; ; ; ; ; ; ; ; ; ; ; ; ; ; ; ; ; ; ; ; ; ; ; ; ; ; ; ; ; ;Dotations aux autres provisions réglementées; ; ; ; ; ; ; ; ; ; ; ; ; ; ; ; ; ; ;;;;;;
 ; ; ; ; ; ; ; ; ; ; ; ; ; ; ; ; ; ; ; ; ; ; ; ; ; ; ; ; ; ; ;Dotations aux provisions exceptionnelles; ; ; ; ; ; ; ; ; ; ; ; ; ; ; ; ; ; ;;;;;;
 ; ; ; ; ; ; ; ; ; ; ; ; ; ; ; ; ; ; ; ; ; ; ; ; ; ; ; ; ; ; ;Dotations aux dépréciations exceptionnelles; ; ; ; ; ; ; ; ; ; ; ; ; ; ; ; ; ; ;;;;;;
 ; ; ; ; ; ; ; ; ; ; ; ; ; ; ; ; ; ; ; ; ; ; ; ; ; ; ; ; ; ; ;Impôts sur les bénéfices; ; ; ; ; ; ; ; ; ; ; ; ; ; ; ; ; ; ;;;;;;
 ; ; ; ; ; ; ; ; ; ; ; ; ; ; ; ; ; ; ; ; ; ; ; ; ; ; ; ; ; ; ;Impôts dus en France; ; ; ; ; ; ; ; ; ; ; ; ; ; ; ; ; ; ;;;;;;
 ; ; ; ; ; ; ; ; ; ; ; ; ; ; ; ; ; ; ; ; ; ; ; ; ; ; ; ; ; ; ;Contribution additionnelle à l'impôt sur les bénéfices; ; ; ; ; ; ; ; ; ; ; ; ; ; ; ; ; ; ;;;;;;
 ; ; ; ; ; ; ; ; ; ; ; ; ; ; ; ; ; ; ; ; ; ; ; ; ; ; ; ; ; ; ;Impôts dus à l'étranger; ; ; ; ; ; ; ; ; ; ; ; ; ; ; ; ; ; ;;;;;;
 ; ; ; ; ; ; ; ; ; ; ; ; ; ; ; ; ; ; ; ; ; ; ; ; ; ; ; ; ; ; ;Intégration fiscale - Charges; ; ; ; ; ; ; ; ; ; ; ; ; ; ; ; ; ; ;;;;;;
 ; ; ; ; ; ; ; ; ; ; ; ; ; ; ; ; ; ; ; ; ; ; ; ; ; ; ; ; ; ; ;Intégration fiscale - Produits; ; ; ; ; ; ; ; ; ; ; ; ; ; ; ; ; ; ;;;;;;
 ; ; ; ; ; ; ; ; ; ; ; ; ; ; ; ; ; ; ; ; ; ; ; ; ; ; ; ; ; ; ;Ventes sur place & à emporter; ; ; ; ; ; ; ; ; ; ; ; ; ; ; ; ; ; ;;;;;;
 ; ; ; ; ; ; ; ; ; ; ; ; ; ; ; ; ; ; ; ; ; ; ; ; ; ; ; ; ; ; ;Ventes de produits finis; ; ; ; ; ; ; ; ; ; ; ; ; ; ; ; ; ; ;;;;;;
 ; ; ; ; ; ; ; ; ; ; ; ; ; ; ; ; ; ; ; ; ; ; ; ; ; ; ; ; ; ; ;Ventes en Delivery (Ubereats  Please etc.); ; ; ; ; ; ; ; ; ; ; ; ; ; ; ; ; ; ;;;;;;
 ; ; ; ; ; ; ; ; ; ; ; ; ; ; ; ; ; ; ; ; ; ; ; ; ; ; ; ; ; ; ;Travaux de catégorie (ou activité) A; ; ; ; ; ; ; ; ; ; ; ; ; ; ; ; ; ; ;;;;;;
 ; ; ; ; ; ; ; ; ; ; ; ; ; ; ; ; ; ; ; ; ; ; ; ; ; ; ; ; ; ; ;Travaux de catégorie (ou activité) B; ; ; ; ; ; ; ; ; ; ; ; ; ; ; ; ; ; ;;;;;;
 ; ; ; ; ; ; ; ; ; ; ; ; ; ; ; ; ; ; ; ; ; ; ; ; ; ; ; ; ; ; ;Prestations de services; ; ; ; ; ; ; ; ; ; ; ; ; ; ; ; ; ; ;;;;;;
 ; ; ; ; ; ; ; ; ; ; ; ; ; ; ; ; ; ; ; ; ; ; ; ; ; ; ; ; ; ; ;Ventes sur place & à emporter; ; ; ; ; ; ; ; ; ; ; ; ; ; ; ; ; ; ;;;;;;
 ; ; ; ; ; ; ; ; ; ; ; ; ; ; ; ; ; ; ; ; ; ; ; ; ; ; ; ; ; ; ;Ventes sur place & à emporter; ; ; ; ; ; ; ; ; ; ; ; ; ; ; ; ; ; ;;;;;;
 ; ; ; ; ; ; ; ; ; ; ; ; ; ; ; ; ; ; ; ; ; ; ; ; ; ; ; ; ; ; ;Ventes sur place & à emporter; ; ; ; ; ; ; ; ; ; ; ; ; ; ; ; ; ; ;;;;;;
 ; ; ; ; ; ; ; ; ; ; ; ; ; ; ; ; ; ; ; ; ; ; ; ; ; ; ; ; ; ; ;Autres produits d'activités annexes; ; ; ; ; ; ; ; ; ; ; ; ; ; ; ; ; ; ;;;;;;
 ; ; ; ; ; ; ; ; ; ; ; ; ; ; ; ; ; ; ; ; ; ; ; ; ; ; ; ; ; ; ;Autres produits d'activités annexes; ; ; ; ; ; ; ; ; ; ; ; ; ; ; ; ; ; ;;;;;;
 ; ; ; ; ; ; ; ; ; ; ; ; ; ; ; ; ; ; ; ; ; ; ; ; ; ; ; ; ; ; ;Autres produits d'activités annexes; ; ; ; ; ; ; ; ; ; ; ; ; ; ; ; ; ; ;;;;;;
 ; ; ; ; ; ; ; ; ; ; ; ; ; ; ; ; ; ; ; ; ; ; ; ; ; ; ; ; ; ; ;Autres produits d'activités annexes; ; ; ; ; ; ; ; ; ; ; ; ; ; ; ; ; ; ;;;;;;
 ; ; ; ; ; ; ; ; ; ; ; ; ; ; ; ; ; ; ; ; ; ; ; ; ; ; ; ; ; ; ;Mise à disposition de personnel facturé; ; ; ; ; ; ; ; ; ; ; ; ; ; ; ; ; ; ;;;;;;
 ; ; ; ; ; ; ; ; ; ; ; ; ; ; ; ; ; ; ; ; ; ; ; ; ; ; ; ; ; ; ;Autres produits d'activités annexes; ; ; ; ; ; ; ; ; ; ; ; ; ; ; ; ; ; ;;;;;;
 ; ; ; ; ; ; ; ; ; ; ; ; ; ; ; ; ; ; ; ; ; ; ; ; ; ; ; ; ; ; ;Autres produits d'activités annexes; ; ; ; ; ; ; ; ; ; ; ; ; ; ; ; ; ; ;;;;;;
 ; ; ; ; ; ; ; ; ; ; ; ; ; ; ; ; ; ; ; ; ; ; ; ; ; ; ; ; ; ; ;Autres produits d'activités annexes; ; ; ; ; ; ; ; ; ; ; ; ; ; ; ; ; ; ;;;;;;
 ; ; ; ; ; ; ; ; ; ; ; ; ; ; ; ; ; ; ; ; ; ; ; ; ; ; ; ; ; ; ;Autres produits d'activités annexes; ; ; ; ; ; ; ; ; ; ; ; ; ; ; ; ; ; ;;;;;;
 ; ; ; ; ; ; ; ; ; ; ; ; ; ; ; ; ; ; ; ; ; ; ; ; ; ; ; ; ; ; ;Remises sur ventes; ; ; ; ; ; ; ; ; ; ; ; ; ; ; ; ; ; ;;;;;;
 ; ; ; ; ; ; ; ; ; ; ; ; ; ; ; ; ; ; ; ; ; ; ; ; ; ; ; ; ; ; ;Remises sur ventes; ; ; ; ; ; ; ; ; ; ; ; ; ; ; ; ; ; ;;;;;;
 ; ; ; ; ; ; ; ; ; ; ; ; ; ; ; ; ; ; ; ; ; ; ; ; ; ; ; ; ; ; ;Remises sur ventes; ; ; ; ; ; ; ; ; ; ; ; ; ; ; ; ; ; ;;;;;;
 ; ; ; ; ; ; ; ; ; ; ; ; ; ; ; ; ; ; ; ; ; ; ; ; ; ; ; ; ; ; ;Travaux; ; ; ; ; ; ; ; ; ; ; ; ; ; ; ; ; ; ;;;;;;
 ; ; ; ; ; ; ; ; ; ; ; ; ; ; ; ; ; ; ; ; ; ; ; ; ; ; ; ; ; ; ;sur études; ; ; ; ; ; ; ; ; ; ; ; ; ; ; ; ; ; ;;;;;;
 ; ; ; ; ; ; ; ; ; ; ; ; ; ; ; ; ; ; ; ; ; ; ; ; ; ; ; ; ; ; ;sur prestations de services; ; ; ; ; ; ; ; ; ; ; ; ; ; ; ; ; ; ;;;;;;
 ; ; ; ; ; ; ; ; ; ; ; ; ; ; ; ; ; ; ; ; ; ; ; ; ; ; ; ; ; ; ;Remises sur ventes; ; ; ; ; ; ; ; ; ; ; ; ; ; ; ; ; ; ;;;;;;
 ; ; ; ; ; ; ; ; ; ; ; ; ; ; ; ; ; ; ; ; ; ; ; ; ; ; ; ; ; ; ;sur produits des activités annexes; ; ; ; ; ; ; ; ; ; ; ; ; ; ; ; ; ; ;;;;;;
 ; ; ; ; ; ; ; ; ; ; ; ; ; ; ; ; ; ; ; ; ; ; ; ; ; ; ; ; ; ; ;Variation des en-cours de production de biens; ; ; ; ; ; ; ; ; ; ; ; ; ; ; ; ; ; ;;;;;;
 ; ; ; ; ; ; ; ; ; ; ; ; ; ; ; ; ; ; ; ; ; ; ; ; ; ; ; ; ; ; ;Variation des en-cours de production de services; ; ; ; ; ; ; ; ; ; ; ; ; ; ; ; ; ; ;;;;;;
 ; ; ; ; ; ; ; ; ; ; ; ; ; ; ; ; ; ; ; ; ; ; ; ; ; ; ; ; ; ; ;Variation des stocks de produits; ; ; ; ; ; ; ; ; ; ; ; ; ; ; ; ; ; ;;;;;;
 ; ; ; ; ; ; ; ; ; ; ; ; ; ; ; ; ; ; ; ; ; ; ; ; ; ; ; ; ; ; ;Subventions d'emploi; ; ; ; ; ; ; ; ; ; ; ; ; ; ; ; ; ; ;;;;;;
 ; ; ; ; ; ; ; ; ; ; ; ; ; ; ; ; ; ; ; ; ; ; ; ; ; ; ; ; ; ; ;Subventions d'emploi; ; ; ; ; ; ; ; ; ; ; ; ; ; ; ; ; ; ;;;;;;
 ; ; ; ; ; ; ; ; ; ; ; ; ; ; ; ; ; ; ; ; ; ; ; ; ; ; ; ; ; ; ;Subventions d'emploi; ; ; ; ; ; ; ; ; ; ; ; ; ; ; ; ; ; ;;;;;;
 ; ; ; ; ; ; ; ; ; ; ; ; ; ; ; ; ; ; ; ; ; ; ; ; ; ; ; ; ; ; ;Subventions d'emploi; ; ; ; ; ; ; ; ; ; ; ; ; ; ; ; ; ; ;;;;;;
 ; ; ; ; ; ; ; ; ; ; ; ; ; ; ; ; ; ; ; ; ; ; ; ; ; ; ; ; ; ; ;Fonds de Solidarité Covid 19; ; ; ; ; ; ; ; ; ; ; ; ; ; ; ; ; ; ;;;;;;
 ; ; ; ; ; ; ; ; ; ; ; ; ; ; ; ; ; ; ; ; ; ; ; ; ; ; ; ; ; ; ;Redevances pour concessions  brevets  licences  marques  procédés  logiciels; ; ; ; ; ; ; ; ; ; ; ; ; ; ; ; ; ; ;;;;;;
 ; ; ; ; ; ; ; ; ; ; ; ; ; ; ; ; ; ; ; ; ; ; ; ; ; ; ; ; ; ; ;Droits d'auteur et de reproduction; ; ; ; ; ; ; ; ; ; ; ; ; ; ; ; ; ; ;;;;;;
 ; ; ; ; ; ; ; ; ; ; ; ; ; ; ; ; ; ; ; ; ; ; ; ; ; ; ; ; ; ; ;Autres droits et valeurs similaires; ; ; ; ; ; ; ; ; ; ; ; ; ; ; ; ; ; ;;;;;;
 ; ; ; ; ; ; ; ; ; ; ; ; ; ; ; ; ; ; ; ; ; ; ; ; ; ; ; ; ; ; ;Quote - part de perte transférée (comptabilité du gérant); ; ; ; ; ; ; ; ; ; ; ; ; ; ; ; ; ; ;;;;;;
 ; ; ; ; ; ; ; ; ; ; ; ; ; ; ; ; ; ; ; ; ; ; ; ; ; ; ; ; ; ; ;Quote - part de bénéfice attribuée (comptabilité des associés non-part de bénéfice attribuée); ; ; ; ; ; ; ; ; ; ; ; ; ; ; ; ; ; ;;;;;;
 ; ; ; ; ; ; ; ; ; ; ; ; ; ; ; ; ; ; ; ; ; ; ; ; ; ; ; ; ; ; ;Produits divers de gestion courante; ; ; ; ; ; ; ; ; ; ; ; ; ; ; ; ; ; ;;;;;;
 ; ; ; ; ; ; ; ; ; ; ; ; ; ; ; ; ; ; ; ; ; ; ; ; ; ; ; ; ; ; ;Revenus des titres de participation; ; ; ; ; ; ; ; ; ; ; ; ; ; ; ; ; ; ;;;;;;
 ; ; ; ; ; ; ; ; ; ; ; ; ; ; ; ; ; ; ; ; ; ; ; ; ; ; ; ; ; ; ;Produits de la fiducie  résultat de la période; ; ; ; ; ; ; ; ; ; ; ; ; ; ; ; ; ; ;;;;;;
 ; ; ; ; ; ; ; ; ; ; ; ; ; ; ; ; ; ; ; ; ; ; ; ; ; ; ; ; ; ; ;Revenus sur autres formes de participation; ; ; ; ; ; ; ; ; ; ; ; ; ; ; ; ; ; ;;;;;;
 ; ; ; ; ; ; ; ; ; ; ; ; ; ; ; ; ; ; ; ; ; ; ; ; ; ; ; ; ; ; ;Revenus des créances rattachées à des participations; ; ; ; ; ; ; ; ; ; ; ; ; ; ; ; ; ; ;;;;;;
 ; ; ; ; ; ; ; ; ; ; ; ; ; ; ; ; ; ; ; ; ; ; ; ; ; ; ; ; ; ; ;Revenus des titres immobilisés; ; ; ; ; ; ; ; ; ; ; ; ; ; ; ; ; ; ;;;;;;
 ; ; ; ; ; ; ; ; ; ; ; ; ; ; ; ; ; ; ; ; ; ; ; ; ; ; ; ; ; ; ;Revenus des prêts; ; ; ; ; ; ; ; ; ; ; ; ; ; ; ; ; ; ;;;;;;
 ; ; ; ; ; ; ; ; ; ; ; ; ; ; ; ; ; ; ; ; ; ; ; ; ; ; ; ; ; ; ;Revenus des créances immobilisées; ; ; ; ; ; ; ; ; ; ; ; ; ; ; ; ; ; ;;;;;;
 ; ; ; ; ; ; ; ; ; ; ; ; ; ; ; ; ; ; ; ; ; ; ; ; ; ; ; ; ; ; ;Revenus des créances commerciales; ; ; ; ; ; ; ; ; ; ; ; ; ; ; ; ; ; ;;;;;;
 ; ; ; ; ; ; ; ; ; ; ; ; ; ; ; ; ; ; ; ; ; ; ; ; ; ; ; ; ; ; ;Revenus des créances diverses; ; ; ; ; ; ; ; ; ; ; ; ; ; ; ; ; ; ;;;;;;
 ; ; ; ; ; ; ; ; ; ; ; ; ; ; ; ; ; ; ; ; ; ; ; ; ; ; ; ; ; ; ;Produits nets sur cessions de jetons (3); ; ; ; ; ; ; ; ; ; ; ; ; ; ; ; ; ; ;;;;;;
 ; ; ; ; ; ; ; ; ; ; ; ; ; ; ; ; ; ; ; ; ; ; ; ; ; ; ; ; ; ; ;Autres produits financiers; ; ; ; ; ; ; ; ; ; ; ; ; ; ; ; ; ; ;;;;;;
 ; ; ; ; ; ; ; ; ; ; ; ; ; ; ; ; ; ; ; ; ; ; ; ; ; ; ; ; ; ; ;Produits exceptionnels sur opérations de gestion; ; ; ; ; ; ; ; ; ; ; ; ; ; ; ; ; ; ;;;;;;
 ; ; ; ; ; ; ; ; ; ; ; ; ; ; ; ; ; ; ; ; ; ; ; ; ; ; ; ; ; ; ;Produits exceptionnels sur opérations de gestion; ; ; ; ; ; ; ; ; ; ; ; ; ; ; ; ; ; ;;;;;;
 ; ; ; ; ; ; ; ; ; ; ; ; ; ; ; ; ; ; ; ; ; ; ; ; ; ; ; ; ; ; ;Libéralités reçues; ; ; ; ; ; ; ; ; ; ; ; ; ; ; ; ; ; ;;;;;;
 ; ; ; ; ; ; ; ; ; ; ; ; ; ; ; ; ; ; ; ; ; ; ; ; ; ; ; ; ; ; ;Rentrées sur créances amorties; ; ; ; ; ; ; ; ; ; ; ; ; ; ; ; ; ; ;;;;;;
 ; ; ; ; ; ; ; ; ; ; ; ; ; ; ; ; ; ; ; ; ; ; ; ; ; ; ; ; ; ; ;Subventions d'équilibre; ; ; ; ; ; ; ; ; ; ; ; ; ; ; ; ; ; ;;;;;;
 ; ; ; ; ; ; ; ; ; ; ; ; ; ; ; ; ; ; ; ; ; ; ; ; ; ; ; ; ; ; ;Dégrèvements d'impôts autres qu'impôts sur les bénéfices; ; ; ; ; ; ; ; ; ; ; ; ; ; ; ; ; ; ;;;;;;
 ; ; ; ; ; ; ; ; ; ; ; ; ; ; ; ; ; ; ; ; ; ; ; ; ; ; ; ; ; ; ;Autres produits exceptionnels sur opérations de gestion; ; ; ; ; ; ; ; ; ; ; ; ; ; ; ; ; ; ;;;;;;
 ; ; ; ; ; ; ; ; ; ; ; ; ; ; ; ; ; ; ; ; ; ; ; ; ; ; ; ; ; ; ;Produits sur exercices antérieurs; ; ; ; ; ; ; ; ; ; ; ; ; ; ; ; ; ; ;;;;;;
 ; ; ; ; ; ; ; ; ; ; ; ; ; ; ; ; ; ; ; ; ; ; ; ; ; ; ; ; ; ; ;Opérations liées à la constitution de la fiducie - transfert des éléments; ; ; ; ; ; ; ; ; ; ; ; ; ; ; ; ; ; ;;;;;;
 ; ; ; ; ; ; ; ; ; ; ; ; ; ; ; ; ; ; ; ; ; ; ; ; ; ; ; ; ; ; ;Opérations liées à la liquidation de la fiducie; ; ; ; ; ; ; ; ; ; ; ; ; ; ; ; ; ; ;;;;;;
 ; ; ; ; ; ; ; ; ; ; ; ; ; ; ; ; ; ; ; ; ; ; ; ; ; ; ; ; ; ; ;Immobilisations incorporelles; ; ; ; ; ; ; ; ; ; ; ; ; ; ; ; ; ; ;;;;;;
 ; ; ; ; ; ; ; ; ; ; ; ; ; ; ; ; ; ; ; ; ; ; ; ; ; ; ; ; ; ; ;Immobilisations corporelles; ; ; ; ; ; ; ; ; ; ; ; ; ; ; ; ; ; ;;;;;;
 ; ; ; ; ; ; ; ; ; ; ; ; ; ; ; ; ; ; ; ; ; ; ; ; ; ; ; ; ; ; ;Immobilisations financières; ; ; ; ; ; ; ; ; ; ; ; ; ; ; ; ; ; ;;;;;;
 ; ; ; ; ; ; ; ; ; ; ; ; ; ; ; ; ; ; ; ; ; ; ; ; ; ; ; ; ; ; ;Autres éléments d'actif; ; ; ; ; ; ; ; ; ; ; ; ; ; ; ; ; ; ;;;;;;
 ; ; ; ; ; ; ; ; ; ; ; ; ; ; ; ; ; ; ; ; ; ; ; ; ; ; ; ; ; ; ;Bonis provenant de clauses d'indexation; ; ; ; ; ; ; ; ; ; ; ; ; ; ; ; ; ; ;;;;;;
 ; ; ; ; ; ; ; ; ; ; ; ; ; ; ; ; ; ; ; ; ; ; ; ; ; ; ; ; ; ; ;Lots; ; ; ; ; ; ; ; ; ; ; ; ; ; ; ; ; ; ;;;;;;
 ; ; ; ; ; ; ; ; ; ; ; ; ; ; ; ; ; ; ; ; ; ; ; ; ; ; ; ; ; ; ;Bonis provenant du rachat par l'entreprise d'actions et d'obligations émises par elle-même; ; ; ; ; ; ; ; ; ; ; ; ; ; ; ; ; ; ;;;;;;
 ; ; ; ; ; ; ; ; ; ; ; ; ; ; ; ; ; ; ; ; ; ; ; ; ; ; ; ; ; ; ;Produits exceptionnels divers; ; ; ; ; ; ; ; ; ; ; ; ; ; ; ; ; ; ;;;;;;
 ; ; ; ; ; ; ; ; ; ; ; ; ; ; ; ; ; ; ; ; ; ; ; ; ; ; ; ; ; ; ;Reprises sur amortissements des immobilisations incorporelles et corporelles; ; ; ; ; ; ; ; ; ; ; ; ; ; ; ; ; ; ;;;;;;
 ; ; ; ; ; ; ; ; ; ; ; ; ; ; ; ; ; ; ; ; ; ; ; ; ; ; ; ; ; ; ;Reprises sur provisions d'exploitation; ; ; ; ; ; ; ; ; ; ; ; ; ; ; ; ; ; ;;;;;;
 ; ; ; ; ; ; ; ; ; ; ; ; ; ; ; ; ; ; ; ; ; ; ; ; ; ; ; ; ; ; ;Reprises sur dépréciations des immobilisations corporelles et incorporelles; ; ; ; ; ; ; ; ; ; ; ; ; ; ; ; ; ; ;;;;;;
 ; ; ; ; ; ; ; ; ; ; ; ; ; ; ; ; ; ; ; ; ; ; ; ; ; ; ; ; ; ; ;Reprises sur dépréciations des actifs circulants; ; ; ; ; ; ; ; ; ; ; ; ; ; ; ; ; ; ;;;;;;
 ; ; ; ; ; ; ; ; ; ; ; ; ; ; ; ; ; ; ; ; ; ; ; ; ; ; ; ; ; ; ;Reprises sur provisions financières; ; ; ; ; ; ; ; ; ; ; ; ; ; ; ; ; ; ;;;;;;
 ; ; ; ; ; ; ; ; ; ; ; ; ; ; ; ; ; ; ; ; ; ; ; ; ; ; ; ; ; ; ;Reprises sur dépréciations des éléments financiers; ; ; ; ; ; ; ; ; ; ; ; ; ; ; ; ; ; ;;;;;;
 ; ; ; ; ; ; ; ; ; ; ; ; ; ; ; ; ; ; ; ; ; ; ; ; ; ; ; ; ; ; ;Reprises sur provisions réglementées (immobilisations); ; ; ; ; ; ; ; ; ; ; ; ; ; ; ; ; ; ;;;;;;
 ; ; ; ; ; ; ; ; ; ; ; ; ; ; ; ; ; ; ; ; ; ; ; ; ; ; ; ; ; ; ;Reprises sur provisions réglementées (stocks); ; ; ; ; ; ; ; ; ; ; ; ; ; ; ; ; ; ;;;;;;
 ; ; ; ; ; ; ; ; ; ; ; ; ; ; ; ; ; ; ; ; ; ; ; ; ; ; ; ; ; ; ;Reprises sur autres provisions réglementées; ; ; ; ; ; ; ; ; ; ; ; ; ; ; ; ; ; ;;;;;;
 ; ; ; ; ; ; ; ; ; ; ; ; ; ; ; ; ; ; ; ; ; ; ; ; ; ; ; ; ; ; ;Reprises sur provisions exceptionnelles; ; ; ; ; ; ; ; ; ; ; ; ; ; ; ; ; ; ;;;;;;
 ; ; ; ; ; ; ; ; ; ; ; ; ; ; ; ; ; ; ; ; ; ; ; ; ; ; ; ; ; ; ;Reprises sur dépréciations exceptionnelles; ; ; ; ; ; ; ; ; ; ; ; ; ; ; ; ; ; ;;;;;;
 ; ; ; ; ; ; ; ; ; ; ; ; ; ; ; ; ; ; ; ; ; ; ; ; ; ; ; ; ; ; ;Transferts de charges d'exploitation; ; ; ; ; ; ; ; ; ; ; ; ; ; ; ; ; ; ;;;;;;
 ; ; ; ; ; ; ; ; ; ; ; ; ; ; ; ; ; ; ; ; ; ; ; ; ; ; ; ; ; ; ;Transferts de charges d'exploitation; ; ; ; ; ; ; ; ; ; ; ; ; ; ; ; ; ; ;;;;;;
 ; ; ; ; ; ; ; ; ; ; ; ; ; ; ; ; ; ; ; ; ; ; ; ; ; ; ; ; ; ; ;Transferts de charges d'exploitation; ; ; ; ; ; ; ; ; ; ; ; ; ; ; ; ; ; ;;;;;;
 ; ; ; ; ; ; ; ; ; ; ; ; ; ; ; ; ; ; ; ; ; ; ; ; ; ; ; ; ; ; ;Capital; ; ; ; ; ; ; ; ; ; ; ; ; ; ; ; ; ; ;;;;;;
 ; ; ; ; ; ; ; ; ; ; ; ; ; ; ; ; ; ; ; ; ; ; ; ; ; ; ; ; ; ; ;Réserves; ; ; ; ; ; ; ; ; ; ; ; ; ; ; ; ; ; ;;;;;;
 ; ; ; ; ; ; ; ; ; ; ; ; ; ; ; ; ; ; ; ; ; ; ; ; ; ; ; ; ; ; ;Réserves; ; ; ; ; ; ; ; ; ; ; ; ; ; ; ; ; ; ;;;;;;
 ; ; ; ; ; ; ; ; ; ; ; ; ; ; ; ; ; ; ; ; ; ; ; ; ; ; ; ; ; ; ;Résultat de l'exercice; ; ; ; ; ; ; ; ; ; ; ; ; ; ; ; ; ; ;;;;;;
 ; ; ; ; ; ; ; ; ; ; ; ; ; ; ; ; ; ; ; ; ; ; ; ; ; ; ; ; ; ; ;Droit au bail; ; ; ; ; ; ; ; ; ; ; ; ; ; ; ; ; ; ;;;;;;
 ; ; ; ; ; ; ; ; ; ; ; ; ; ; ; ; ; ; ; ; ; ; ; ; ; ; ; ; ; ; ;Installations techniques  matériels et outillage industriels; ; ; ; ; ; ; ; ; ; ; ; ; ; ; ; ; ; ;;;;;;
 ; ; ; ; ; ; ; ; ; ; ; ; ; ; ; ; ; ; ; ; ; ; ; ; ; ; ; ; ; ; ;Dépôts et cautionnements versés; ; ; ; ; ; ; ; ; ; ; ; ; ; ; ; ; ; ;;;;;;
 ; ; ; ; ; ; ; ; ; ; ; ; ; ; ; ; ; ; ; ; ; ; ; ; ; ; ; ; ; ; ;Dépôts et cautionnements versés; ; ; ; ; ; ; ; ; ; ; ; ; ; ; ; ; ; ;;;;;;
 ; ; ; ; ; ; ; ; ; ; ; ; ; ; ; ; ; ; ; ; ; ; ; ; ; ; ; ; ; ; ;Stock de matières premières; ; ; ; ; ; ; ; ; ; ; ; ; ; ; ; ; ; ;;;;;;
 ; ; ; ; ; ; ; ; ; ; ; ; ; ; ; ; ; ; ; ; ; ; ; ; ; ; ; ; ; ; ;Personnel - Rémunérations dues; ; ; ; ; ; ; ; ; ; ; ; ; ; ; ; ; ; ;;;;;;
 ; ; ; ; ; ; ; ; ; ; ; ; ; ; ; ; ; ; ; ; ; ; ; ; ; ; ; ; ; ; ;Personnel - Avances et acomptes; ; ; ; ; ; ; ; ; ; ; ; ; ; ; ; ; ; ;;;;;;
 ; ; ; ; ; ; ; ; ; ; ; ; ; ; ; ; ; ; ; ; ; ; ; ; ; ; ; ; ; ; ;Sécurité sociale; ; ; ; ; ; ; ; ; ; ; ; ; ; ; ; ; ; ;;;;;;
 ; ; ; ; ; ; ; ; ; ; ; ; ; ; ; ; ; ; ; ; ; ; ; ; ; ; ; ; ; ; ;Autres organismes sociaux; ; ; ; ; ; ; ; ; ; ; ; ; ; ; ; ; ; ;;;;;;
 ; ; ; ; ; ; ; ; ; ; ; ; ; ; ; ; ; ; ; ; ; ; ; ; ; ; ; ; ; ; ;Autres organismes sociaux; ; ; ; ; ; ; ; ; ; ; ; ; ; ; ; ; ; ;;;;;;
 ; ; ; ; ; ; ; ; ; ; ; ; ; ; ; ; ; ; ; ; ; ; ; ; ; ; ; ; ; ; ;État - Impôts sur les bénéfices; ; ; ; ; ; ; ; ; ; ; ; ; ; ; ; ; ; ;;;;;;
 ; ; ; ; ; ; ; ; ; ; ; ; ; ; ; ; ; ; ; ; ; ; ; ; ; ; ; ; ; ; ;Autres impôts  taxes et versements assimilés; ; ; ; ; ; ; ; ; ; ; ; ; ; ; ; ; ; ;;;;;;
 ; ; ; ; ; ; ; ; ; ; ; ; ; ; ; ; ; ; ; ; ; ; ; ; ; ; ; ; ; ; ;Associés - Comptes courants; ; ; ; ; ; ; ; ; ; ; ; ; ; ; ; ; ; ;;;;;;
 ; ; ; ; ; ; ; ; ; ; ; ; ; ; ; ; ; ; ; ; ; ; ; ; ; ; ; ; ; ; ;Associés - Comptes courants; ; ; ; ; ; ; ; ; ; ; ; ; ; ; ; ; ; ;;;;;;
 ; ; ; ; ; ; ; ; ; ; ; ; ; ; ; ; ; ; ; ; ; ; ; ; ; ; ; ; ; ; ;Autres comptes débiteurs ou créditeurs; ; ; ; ; ; ; ; ; ; ; ; ; ; ; ; ; ; ;;;;;;
 ; ; ; ; ; ; ; ; ; ; ; ; ; ; ; ; ; ; ; ; ; ; ; ; ; ; ; ; ; ; ;Autres comptes débiteurs ou créditeurs; ; ; ; ; ; ; ; ; ; ; ; ; ; ; ; ; ; ;;;;;;
 ; ; ; ; ; ; ; ; ; ; ; ; ; ; ; ; ; ; ; ; ; ; ; ; ; ; ; ; ; ; ;Autres comptes débiteurs ou créditeurs; ; ; ; ; ; ; ; ; ; ; ; ; ; ; ; ; ; ;;;;;;
 ; ; ; ; ; ; ; ; ; ; ; ; ; ; ; ; ; ; ; ; ; ; ; ; ; ; ; ; ; ; ;Autres comptes débiteurs ou créditeurs; ; ; ; ; ; ; ; ; ; ; ; ; ; ; ; ; ; ;;;;;;
 ; ; ; ; ; ; ; ; ; ; ; ; ; ; ; ; ; ; ; ; ; ; ; ; ; ; ; ; ; ; ;Charges constatées d'avance; ; ; ; ; ; ; ; ; ; ; ; ; ; ; ; ; ; ;;;;;;
 ; ; ; ; ; ; ; ; ; ; ; ; ; ; ; ; ; ; ; ; ; ; ; ; ; ; ; ; ; ; ;Caisse siège social; ; ; ; ; ; ; ; ; ; ; ; ; ; ; ; ; ; ;;;;;;
 ; ; ; ; ; ; ; ; ; ; ; ; ; ; ; ; ; ; ; ; ; ; ; ; ; ; ; ; ; ; ;Emballages; ; ; ; ; ; ; ; ; ; ; ; ; ; ; ; ; ; ;;;;;;
 ; ; ; ; ; ; ; ; ; ; ; ; ; ; ; ; ; ; ; ; ; ; ; ; ; ; ; ; ; ; ;Entretien et réparations; ; ; ; ; ; ; ; ; ; ; ; ; ; ; ; ; ; ;;;;;;
 ; ; ; ; ; ; ; ; ; ; ; ; ; ; ; ; ; ; ; ; ; ; ; ; ; ; ; ; ; ; ;Comptes d'attente; ; ; ; ; ; ; ; ; ; ; ; ; ; ; ; ; ; ;;;;;;
 ; ; ; ; ; ; ; ; ; ; ; ; ; ; ; ; ; ; ; ; ; ; ; ; ; ; ; ; ; ; ;Valeurs à l'encaissement; ; ; ; ; ; ; ; ; ; ; ; ; ; ; ; ; ; ;;;;;;
 ; ; ; ; ; ; ; ; ; ; ; ; ; ; ; ; ; ; ; ; ; ; ; ; ; ; ; ; ; ; ;Virements internes; ; ; ; ; ; ; ; ; ; ; ; ; ; ; ; ; ; ;;;;;;
 ; ; ; ; ; ; ; ; ; ; ; ; ; ; ; ; ; ; ; ; ; ; ; ; ; ; ; ; ; ; ;Valeurs à l'encaissement; ; ; ; ; ; ; ; ; ; ; ; ; ; ; ; ; ; ;;;;;;
 ; ; ; ; ; ; ; ; ; ; ; ; ; ; ; ; ; ; ; ; ; ; ; ; ; ; ; ; ; ; ;Autres impôts & taxes; ; ; ; ; ; ; ; ; ; ; ; ; ; ; ; ; ; ;;;;;;
 ; ; ; ; ; ; ; ; ; ; ; ; ; ; ; ; ; ; ; ; ; ; ; ; ; ; ; ; ; ; ;Valeurs à l'encaissement; ; ; ; ; ; ; ; ; ; ; ; ; ; ; ; ; ; ;;;;;;
 ; ; ; ; ; ; ; ; ; ; ; ; ; ; ; ; ; ; ; ; ; ; ; ; ; ; ; ; ; ; ;Autres comptes débiteurs ou créditeurs; ; ; ; ; ; ; ; ; ; ; ; ; ; ; ; ; ; ;;;;;;
 ; ; ; ; ; ; ; ; ; ; ; ; ; ; ; ; ; ; ; ; ; ; ; ; ; ; ; ; ; ; ;Prestations de services; ; ; ; ; ; ; ; ; ; ; ; ; ; ; ; ; ; ;;;;;;
 ; ; ; ; ; ; ; ; ; ; ; ; ; ; ; ; ; ; ; ; ; ; ; ; ; ; ; ; ; ; ;Autres comptes débiteurs ou créditeurs; ; ; ; ; ; ; ; ; ; ; ; ; ; ; ; ; ; ;;;;;;
 ; ; ; ; ; ; ; ; ; ; ; ; ; ; ; ; ; ; ; ; ; ; ; ; ; ; ; ; ; ; ;Charges de sécurité sociale et de prévoyance; ; ; ; ; ; ; ; ; ; ; ; ; ; ; ; ; ; ;;;;;;
 ; ; ; ; ; ; ; ; ; ; ; ; ; ; ; ; ; ; ; ; ; ; ; ; ; ; ; ; ; ; ;Rémunérations du personnel; ; ; ; ; ; ; ; ; ; ; ; ; ; ; ; ; ; ;;;;;;
 ; ; ; ; ; ; ; ; ; ; ; ; ; ; ; ; ; ; ; ; ; ; ; ; ; ; ; ; ; ; ;Charges de sécurité sociale et de prévoyance; ; ; ; ; ; ; ; ; ; ; ; ; ; ; ; ; ; ;;;;;;
 ; ; ; ; ; ; ; ; ; ; ; ; ; ; ; ; ; ; ; ; ; ; ; ; ; ; ; ; ; ; ;Autres organismes sociaux; ; ; ; ; ; ; ; ; ; ; ; ; ; ; ; ; ; ;;;;;;
 ; ; ; ; ; ; ; ; ; ; ; ; ; ; ; ; ; ; ; ; ; ; ; ; ; ; ; ; ; ; ;Prestations de services; ; ; ; ; ; ; ; ; ; ; ; ; ; ; ; ; ; ;;;;;;
 ; ; ; ; ; ; ; ; ; ; ; ; ; ; ; ; ; ; ; ; ; ; ; ; ; ; ; ; ; ; ;Prestations de services; ; ; ; ; ; ; ; ; ; ; ; ; ; ; ; ; ; ;;;;;;
 ; ; ; ; ; ; ; ; ; ; ; ; ; ; ; ; ; ; ; ; ; ; ; ; ; ; ; ; ; ; ;Prestations de services; ; ; ; ; ; ; ; ; ; ; ; ; ; ; ; ; ; ;;;;;;
